ano_campeonato,data,horario,rodada,estadio,arbitro,publico,publico_max,time_man,time_vis,tecnico_man,tecnico_vis,colocacao_man,colocacao_vis,valor_equipe_titular_man,valor_equipe_titular_vis,idade_media_titular_man,idade_media_titular_vis,gols_man,gols_vis,gols_1_tempo_man,gols_1_tempo_vis,escanteios_man,escanteios_vis,faltas_man,faltas_vis,chutes_bola_parada_man,chutes_bola_parada_vis,defesas_man,defesas_vis,impedimentos_man,impedimentos_vis,chutes_man,chutes_vis,chutes_fora_man,chutes_fora_vis
2020,2020-08-09,12:30,1,Estádio Major Antônio Couto Pereira,Bruno Arleu de Araújo,0,37182,Coritiba FC,Internacional,Eduardo Barroca,Eduardo Coudet,18,6,6430000,21250000,28.1,27.8,0,1,0,0,2,6,5,13,11,5,3,0,3,2,1,8,1,3
2020,2020-08-09,02:00,1,Estádio Adelmar da Costa Carvalho,Edina Alves Batista,0,35000,Sport Recife,Ceará SC,Daniel Paulista,Guto Ferreira,3,14,7000000,6180000,27.2,29.8,3,2,3,1,0,1,1,3,2,1,0,0,1,0,4,2,0,0
2020,2020-08-09,09:00,1,Estádio Jornalista Mário Filho,Raphael Claus,0,78838,Flamengo,Atlético-MG,Domènec Torrent,Jorge Sampaoli,16,7,76200000,20500000,29.0,24.5,0,1,0,1,9,2,12,24,21,10,4,2,2,3,17,10,10,2
2020,2020-08-09,09:00,1,Estádio Urbano Caldeira,Ricardo Marques Ribeiro,0,20120,Santos FC,RB Bragantino,Cuca,Felipe Tigrão,8,11,28450000,10700000,27.5,25.2,1,1,0,0,4,2,10,19,19,9,5,3,4,2,10,18,5,8
2020,2020-08-10,12:00,1,Arena do Grêmio,Wilton Sampaio,0,60540,Grêmio,Fluminense,Renato Gaúcho,Odair Hellmann,5,17,25350000,20980000,30.1,27.4,1,0,1,0,,,,,,,,,,,,,,
2020,2020-08-10,12:00,1,Estádio Governador Plácido Castelo,Braulio da Silva Machado,0,60326,Fortaleza,Athletico-PR,Rogério Ceni,Dorival Júnior,19,2,7450000,11600000,29.9,25.9,0,2,0,2,3,4,12,7,7,11,3,3,1,1,10,13,4,4
2020,2020-10-01,02:30,1,Estádio Olímpico Nilton Santos,Savio Pereira Sampaio,0,46931,Botafogo,EC Bahia,Paulo Autuori,Mano Menezes,15,4,8900000,13030000,26.6,29.1,1,2,0,1,8,5,18,14,14,14,2,1,0,1,15,12,8,7
2020,2020-10-01,02:30,1,Neo Química Arena,Paulo Roberto Alves Júnior,0,49205,Corinthians,Atlético-GO,Coelho,Vágner Mancini,12,13,27850000,7100000,28.2,26.7,0,0,0,0,4,7,18,12,10,18,5,4,4,2,12,17,8,7
2020,2020-12-03,11:00,1,Estádio Serra Dourada,Caio Max Augusto Vieira,0,12500,Goiás EC,São Paulo,Glauber Ramos,Fernando Diniz,20,1,6580000,28100000,26.1,27.9,0,3,0,1,2,9,16,19,18,16,3,3,0,1,9,15,4,6
2020,2021-01-27,12:00,1,Allianz Parque,Anderson Daronco,0,43600,Palmeiras,Vasco da Gama,Abel Ferreira,Vanderlei Luxemburgo,9,10,15300000,25150000,27.1,27.4,1,1,1,1,6,3,19,11,11,17,2,2,0,2,14,12,7,5
2020,2020-08-12,12:15,2,Estádio Governador Magalhães Pinto,Wagner do Nascimento Magalhães,0,57000,Atlético-MG,Corinthians,Jorge Sampaoli,Tiago Nunes,7,12,23400000,27700000,25.9,27.2,3,2,0,2,8,4,19,11,11,18,2,10,3,1,25,7,9,2
2020,2020-08-12,12:15,2,Arena da Baixada,Diego Pombo Lopez,0,42372,Athletico-PR,Goiás EC,Dorival Júnior,Ney Franco,2,20,14230000,7400000,26.9,25.7,2,1,1,1,0,0,0,0,0,0,0,0,0,0,2,1,0,0
2020,2020-08-12,12:15,2,Estádio Nabi Abi Chedid,André Luiz de Freitas Castro,0,13212,RB Bragantino,Botafogo,Felipe Tigrão,Paulo Autuori,11,15,11430000,10430000,25.5,25.0,1,1,1,0,11,3,13,8,8,13,2,7,1,1,23,9,12,6
2020,2020-08-12,01:30,2,Estádio Olímpico Pedro Ludovico Teixeira,Luiz Flávio de Oliveira,0,13000,Atlético-GO,Flamengo,Vágner Mancini,Domènec Torrent,13,16,6230000,66000000,26.2,28.4,3,0,2,0,11,5,15,19,19,15,3,4,2,1,13,8,5,3
2020,2020-08-13,01:30,2,Estádio Governador Roberto Santos,Flavio Rodrigues de Souza,0,30000,EC Bahia,Coritiba FC,Roger Machado,Eduardo Barroca,4,18,11750000,6800000,28.0,26.7,1,0,1,0,3,8,16,18,17,14,3,4,1,5,12,14,7,8
2020,2020-08-13,02:30,2,Estádio Jornalista Mário Filho,Rafael Traci,0,82238,Fluminense,Palmeiras,Odair Hellmann,Vanderlei Luxemburgo,17,9,12300000,30750000,28.8,28.3,1,1,1,1,3,3,20,31,30,18,0,0,3,0,10,9,6,5
2020,2020-08-13,02:30,2,Estádio Governador Plácido Castelo,Caio Max Augusto Vieira,0,60326,Ceará SC,Grêmio,Guto Ferreira,Renato Gaúcho,14,5,4530000,18080000,27.5,27.0,1,1,1,0,1,7,17,7,7,15,7,4,1,0,11,14,5,4
2020,2020-08-14,12:15,2,Estádio Cícero Pompeu de Toledo,Leandro Pedro Vuaden,0,67428,São Paulo,Fortaleza,Fernando Diniz,Rogério Ceni,1,19,27300000,6780000,28.5,28.9,1,0,1,0,6,7,16,18,17,14,3,2,4,3,13,12,7,6
2020,2020-08-14,12:30,2,Estádio Beira-Rio,Marcelo de Lima Henrique,0,56000,Internacional,Santos FC,Eduardo Coudet,Cuca,6,8,23550000,21650000,29.2,28.3,2,0,0,0,9,4,28,14,13,26,1,5,2,2,25,6,13,3
2020,2020-08-14,01:00,2,Estádio São Januário,Rodolpho Toski Marques,0,24584,Vasco da Gama,Sport Recife,Ramon Menezes,Daniel Paulista,10,3,18030000,7000000,27.0,27.2,2,0,2,0,5,8,29,17,16,29,1,4,1,4,9,13,2,8
2020,2020-08-16,12:00,3,Arena do Grêmio,Bruno Arleu de Araújo,0,60540,Grêmio,Corinthians,Renato Gaúcho,Tiago Nunes,8,13,49650000,32900000,29.6,29.2,0,0,0,0,7,5,16,14,14,14,2,7,0,0,24,5,9,2
2020,2020-08-16,12:30,3,Estádio Major Antônio Couto Pereira,Rodrigo D,0,37182,Coritiba FC,Flamengo,Eduardo Barroca,Domènec Torrent,17,20,6630000,71500000,27.9,27.3,0,1,0,1,4,5,25,16,16,24,6,3,2,1,8,18,2,5
2020,2020-08-16,02:30,3,Allianz Parque,Paulo Roberto Alves Júnior,0,43600,Palmeiras,Goiás EC,Vanderlei Luxemburgo,Ney Franco,10,19,29950000,7480000,28.2,26.1,1,1,1,1,,,,,,,,,,,,,,
2020,2020-08-16,04:00,3,Estádio Governador Magalhães Pinto,Savio Pereira Sampaio,0,57000,Atlético-MG,Ceará SC,Jorge Sampaoli,Guto Ferreira,4,12,18600000,5930000,26.5,29.7,2,0,0,0,4,0,14,15,12,12,1,3,2,1,11,13,3,7
2020,2020-08-16,09:00,3,Estádio São Januário,Wilton Sampaio,0,24584,Vasco da Gama,São Paulo,Ramon Menezes,Fernando Diniz,7,1,16430000,27300000,26.4,28.5,2,1,0,0,3,4,16,15,15,14,4,1,1,1,8,11,5,4
2020,2020-08-16,09:00,3,Estádio Governador Roberto Santos,Felipe Fernandes,0,30000,EC Bahia,RB Bragantino,Roger Machado,Felipe Tigrão,5,11,11130000,10630000,28.8,26.2,2,1,1,0,3,7,16,16,14,15,2,2,2,1,10,16,4,7
2020,2020-08-16,11:00,3,Estádio Jornalista Mário Filho,Raphael Claus,0,82238,Fluminense,Internacional,Odair Hellmann,Eduardo Coudet,15,3,20780000,22000000,27.3,29.3,2,1,1,1,1,4,13,24,23,11,1,3,1,1,10,9,2,4
2020,2020-08-17,12:00,3,Estádio Olímpico Pedro Ludovico Teixeira,Grazianni Maciel Rocha,0,13500,Atlético-GO,Sport Recife,Vágner Mancini,Daniel Paulista,6,9,6230000,7480000,26.2,27.9,1,1,1,0,4,9,13,15,15,12,3,3,0,2,10,15,5,8
2020,2020-08-17,12:30,3,Estádio Governador Plácido Castelo,Marielson Alves Silva,0,60326,Fortaleza,Botafogo,Rogério Ceni,Paulo Autuori,18,14,7230000,10230000,30.0,26.1,0,0,0,0,4,7,9,8,8,9,6,1,2,1,12,15,8,6
2020,2020-08-17,12:45,3,Estádio Urbano Caldeira,Anderson Daronco,0,20120,Santos FC,Athletico-PR,Cuca,Dorival Júnior,16,2,28450000,13880000,27.5,26.7,3,1,2,0,2,6,9,22,21,9,1,3,0,0,11,12,5,6
2020,2020-08-20,12:15,4,Estádio Jornalista Mário Filho,Rafael Traci,0,78838,Flamengo,Grêmio,Domènec Torrent,Renato Gaúcho,12,8,73900000,49650000,27.9,29.6,1,1,0,1,1,2,17,20,19,16,1,1,1,3,8,10,4,5
2020,2020-08-20,12:15,4,Estádio Nabi Abi Chedid,Jean Pierre Goncalves Lima,0,13212,RB Bragantino,Fluminense,Felipe Tigrão,Odair Hellmann,14,10,11350000,20780000,25.4,27.3,2,1,1,1,6,4,19,14,14,18,3,1,2,0,13,9,6,3
2020,2020-08-20,12:30,4,Arena da Baixada,Caio Max Augusto Vieira,0,42372,Athletico-PR,Palmeiras,Dorival Júnior,Vanderlei Luxemburgo,6,13,19450000,33450000,25.3,28.0,0,1,0,0,5,7,20,19,18,19,2,0,0,2,6,10,5,6
2020,2020-08-20,01:30,4,Estádio Beira-Rio,Wagner Reway,0,56000,Internacional,Atlético-GO,Eduardo Coudet,Vágner Mancini,5,7,14700000,6550000,26.4,27.5,3,0,0,0,4,3,19,17,16,16,1,2,1,2,11,7,3,5
2020,2020-08-20,01:30,4,Estádio Serra Dourada,Dyorgines Jose Padovani,0,50049,Goiás EC,Fortaleza,Ney Franco,Rogério Ceni,19,18,8980000,7630000,27.0,29.5,1,3,0,1,2,6,16,15,14,14,0,3,3,2,13,13,9,5
2020,2020-08-20,02:30,4,Estádio Olímpico Nilton Santos,Flavio Rodrigues de Souza,0,46931,Botafogo,Atlético-MG,Paulo Autuori,Jorge Sampaoli,16,1,9730000,24800000,25.4,25.0,2,1,1,0,7,16,9,10,10,6,8,3,1,2,10,31,3,13
2020,2020-08-20,02:30,4,Neo Química Arena,Braulio da Silva Machado,0,49205,Corinthians,Coritiba FC,Tiago Nunes,Eduardo Barroca,15,20,29950000,8250000,29.0,28.2,3,1,1,1,10,0,15,7,6,15,3,9,0,3,23,9,6,3
2020,2020-08-21,12:15,4,Estádio Adelmar da Costa Carvalho,Jose Mendonça,0,35000,Sport Recife,Santos FC,Daniel Paulista,Cuca,11,9,6930000,24750000,26.9,27.0,0,1,0,0,4,5,23,17,17,22,4,5,1,1,11,16,3,10
2020,2020-08-21,01:00,4,Estádio Cícero Pompeu de Toledo,Rodrigo Carvalhaes de Miranda,0,67428,São Paulo,EC Bahia,Fernando Diniz,Roger Machado,4,2,28200000,11980000,27.8,28.1,1,1,0,1,5,6,14,16,16,14,3,4,4,1,24,8,12,2
2020,2020-08-21,01:00,4,Estádio Governador Plácido Castelo,Thiago Duarte Peixoto,0,60326,Ceará SC,Vasco da Gama,Guto Ferreira,Ramon Menezes,17,3,5930000,17530000,29.2,27.2,0,3,0,0,13,2,18,14,13,18,1,2,1,2,22,5,9,0
2020,2020-08-22,09:00,5,Arena da Baixada,Daniel Nobre Bins,0,42372,Athletico-PR,Fluminense,Dorival Júnior,Odair Hellmann,7,14,14150000,15900000,26.5,26.5,0,1,0,1,7,2,21,12,11,21,2,5,1,2,14,9,6,3
2020,2020-08-23,12:00,5,Estádio Beira-Rio,Luiz Flávio de Oliveira,0,56000,Internacional,Atlético-MG,Eduardo Coudet,Jorge Sampaoli,3,4,22400000,19400000,28.2,27.9,1,0,1,0,2,5,20,21,20,19,0,2,3,1,6,11,1,5
2020,2020-08-23,02:00,5,Estádio Olímpico Pedro Ludovico Teixeira,Wilton Sampaio,0,13500,Goiás EC,Atlético-GO,Glauber Ramos,Vágner Mancini,18,13,9480000,6230000,29.0,26.2,2,0,1,0,,,,,,,,,,,,,,
2020,2020-08-23,04:00,5,Estádio Jornalista Mário Filho,Leandro Pedro Vuaden,0,78838,Flamengo,Botafogo,Domènec Torrent,Paulo Autuori,17,12,53100000,10150000,28.7,26.3,1,1,0,0,5,4,15,17,16,14,0,4,0,2,15,7,5,4
2020,2020-08-23,09:00,5,Estádio São Januário,Savio Pereira Sampaio,0,24584,Vasco da Gama,Grêmio,Ramon Menezes,Renato Gaúcho,1,9,18330000,48100000,26.8,27.4,0,0,0,0,6,4,23,17,17,23,4,3,1,0,10,14,6,5
2020,2020-08-23,09:00,5,Estádio Cícero Pompeu de Toledo,Vinicius Gonçalves Dias Araujo,0,67000,Palmeiras,Santos FC,Vanderlei Luxemburgo,Cuca,8,6,33450000,27850000,28.0,27.0,2,1,1,0,5,6,21,14,13,19,2,3,4,0,17,9,6,4
2020,2020-08-23,09:00,5,Estádio Nabi Abi Chedid,Gilberto Rodrigues Castro Junior,0,13212,RB Bragantino,Coritiba FC,Felipe Tigrão,Mozart,11,20,11430000,8100000,25.6,28.4,1,2,1,1,10,3,17,18,18,14,2,1,1,2,15,7,5,1
2020,2020-08-24,12:00,5,Estádio Adelmar da Costa Carvalho,Rodrigo D,0,35000,Sport Recife,São Paulo,Daniel Paulista,Fernando Diniz,16,5,6930000,19800000,27.9,27.1,0,1,0,1,,,,,,,,,,,,,,
2020,2020-08-24,01:00,5,Estádio Governador Plácido Castelo,Wagner do Nascimento Magalhães,0,60326,Ceará SC,EC Bahia,Guto Ferreira,Roger Machado,19,2,5650000,10900000,28.3,29.6,2,0,1,0,6,11,21,7,7,18,7,2,1,1,11,16,5,7
2020,2020-08-27,02:30,5,Neo Química Arena,Rodolpho Toski Marques,0,49205,Corinthians,Fortaleza,Tiago Nunes,Rogério Ceni,10,15,26250000,7330000,27.8,30.3,1,1,0,0,5,1,14,12,11,13,2,6,0,5,21,10,10,7
2020,2020-08-29,10:00,6,Estádio Olímpico Nilton Santos,Thiago Duarte Peixoto,0,46931,Botafogo,Internacional,Paulo Autuori,Eduardo Coudet,12,1,7050000,20800000,26.0,29.5,0,2,0,2,5,3,14,24,21,13,2,2,2,2,7,7,4,2
2020,2020-08-30,12:00,6,Estádio Jornalista Mário Filho,Braulio da Silva Machado,0,82238,Fluminense,Vasco da Gama,Odair Hellmann,Ramon Menezes,8,2,19580000,17600000,25.8,27.9,2,1,1,0,2,4,19,16,16,15,3,1,1,1,12,9,6,3
2020,2020-08-30,12:00,6,Estádio Governador Roberto Santos,Bruno Arleu de Araújo,0,30000,EC Bahia,Palmeiras,Roger Machado,Vanderlei Luxemburgo,4,6,11350000,30950000,29.6,27.7,1,1,0,0,8,2,15,16,15,15,4,0,1,4,9,11,1,3
2020,2020-08-30,02:00,6,Estádio Governador Plácido Castelo,Rafael Traci,0,60326,Fortaleza,RB Bragantino,Rogério Ceni,Felipe Tigrão,14,13,7350000,10480000,29.2,23.3,3,0,1,0,3,4,22,10,9,19,2,3,0,1,13,6,6,3
2020,2020-08-30,04:00,6,Estádio Cícero Pompeu de Toledo,Flavio Rodrigues de Souza,0,67428,São Paulo,Corinthians,Fernando Diniz,Tiago Nunes,3,11,17400000,29050000,25.8,28.4,2,1,1,1,7,4,16,22,22,16,4,3,2,1,14,7,7,2
2020,2020-08-30,09:00,6,Estádio Urbano Caldeira,Wilton Sampaio,0,20120,Santos FC,Flamengo,Cuca,Domènec Torrent,7,16,21550000,70500000,27.3,27.6,0,1,0,1,9,2,14,26,26,12,5,5,5,1,22,10,11,4
2020,2020-08-30,09:00,6,Estádio Major Antônio Couto Pereira,Raphael Claus,0,37182,Coritiba FC,Sport Recife,,,20,17,,,,,1,0,0,0,5,2,14,19,17,14,1,2,0,1,13,7,6,4
2020,2020-08-30,11:00,6,Estádio Antonio Accioly,Igor Junior Benevenuto,0,13000,Atlético-GO,Ceará SC,Vágner Mancini,Guto Ferreira,15,19,6230000,5600000,26.3,28.6,0,2,0,0,4,4,16,11,10,16,3,4,1,2,14,13,8,2
2020,2020-11-18,11:00,6,Estádio Governador Magalhães Pinto,Dyorgines Jose Padovani,0,57000,Atlético-MG,Athletico-PR,Jorge Sampaoli,Paulo Autuori,5,10,39750000,18400000,25.8,25.4,0,2,0,2,9,1,7,23,23,7,4,6,1,1,21,10,8,3
2020,2020-11-30,10:00,6,Arena do Grêmio,Savio Pereira Sampaio,0,60540,Grêmio,Goiás EC,Renato Gaúcho,Glauber Ramos,9,18,41800000,6680000,29.1,26.3,2,1,1,0,8,1,15,17,17,15,1,8,2,1,26,5,12,2
2020,2020-09-03,12:00,7,Estádio Governador Plácido Castelo,Luiz Flávio de Oliveira,0,60326,Ceará SC,Fortaleza,Guto Ferreira,Rogério Ceni,13,10,6000000,6850000,29.1,28.7,1,0,1,0,2,6,22,18,18,20,0,3,4,2,9,5,5,3
2020,2020-09-03,12:15,7,Estádio Serra Dourada,Jose Mendonça,0,50049,Goiás EC,Corinthians,Thiago Larghi,Tiago Nunes,20,15,8900000,27880000,27.0,28.9,1,2,0,1,3,6,16,12,12,14,3,3,1,0,11,11,7,5
2020,2020-09-03,12:15,7,Estádio Jornalista Mário Filho,Marielson Alves Silva,0,82238,Fluminense,Atlético-GO,Odair Hellmann,Vágner Mancini,5,18,20830000,7430000,27.5,24.8,1,1,1,0,2,9,14,16,16,13,2,3,0,1,11,15,4,9
2020,2020-09-03,01:30,7,Estádio Olímpico Nilton Santos,Felipe Fernandes,0,46931,Botafogo,Coritiba FC,,,16,14,,,,,0,0,0,0,6,6,23,21,21,22,3,5,1,0,17,7,9,2
2020,2020-09-03,01:30,7,Arena da Baixada,Wagner do Nascimento Magalhães,0,42372,Athletico-PR,RB Bragantino,Eduardo Barros,Marcinho,8,17,13580000,15750000,24.2,24.6,1,1,1,1,2,8,15,12,11,13,2,4,1,0,11,18,3,8
2020,2020-09-03,01:30,7,Arena Fonte Nova,Savio Pereira Sampaio,0,55000,EC Bahia,Flamengo,Roger Machado,Domènec Torrent,4,11,11950000,54500000,30.3,26.6,3,5,2,3,5,6,8,17,17,8,3,3,2,2,14,20,6,7
2020,2020-09-03,02:30,7,Allianz Parque,Wilton Sampaio,0,43600,Palmeiras,Internacional,Vanderlei Luxemburgo,Eduardo Coudet,6,1,30750000,17650000,27.3,26.3,1,1,0,0,5,4,21,23,22,20,1,0,1,0,11,8,5,2
2020,2020-09-03,02:30,7,Estádio Urbano Caldeira,Rodrigo D,0,20120,Santos FC,Vasco da Gama,Cuca,Ramon Menezes,12,3,22500000,11730000,27.4,26.4,2,2,1,1,9,2,17,21,20,16,1,3,2,1,11,9,3,3
2020,2020-09-04,12:00,7,Arena do Grêmio,Dyorgines Jose Padovani,0,60540,Grêmio,Sport Recife,Renato Gaúcho,Jair Ventura,7,19,38500000,6130000,30.9,27.5,1,2,0,1,11,1,10,11,11,10,1,6,1,1,28,5,15,2
2020,2020-09-04,01:00,7,Estádio Raimundo Sampaio,Jean Pierre Goncalves Lima,0,23018,Atlético-MG,São Paulo,Jorge Sampaoli,Fernando Diniz,9,2,20900000,17400000,27.3,25.8,3,0,2,0,5,3,18,11,10,16,4,5,3,1,14,13,3,7
2020,2020-09-05,10:00,8,Estádio Jornalista Mário Filho,Flavio Rodrigues de Souza,0,78838,Flamengo,Fortaleza,Domènec Torrent,Rogério Ceni,6,13,62700000,6430000,27.3,30.1,2,1,1,1,11,3,12,21,19,11,1,6,3,4,18,4,9,2
2020,2020-09-06,12:00,8,Neo Química Arena,Rafael Traci,0,49205,Corinthians,Botafogo,Tiago Nunes,Paulo Autuori,12,17,24580000,7750000,28.5,27.8,2,2,1,1,12,6,18,10,9,17,1,4,1,2,14,13,4,8
2020,2020-09-06,02:00,8,Estádio Governador Plácido Castelo,Wagner Reway,0,60326,Ceará SC,Santos FC,Guto Ferreira,Cuca,10,14,6150000,19150000,29.6,25.8,0,1,0,1,7,5,18,18,18,18,3,6,1,2,13,9,6,3
2020,2020-09-06,04:00,8,Estádio Nabi Abi Chedid,Marcelo de Lima Henrique,0,13212,RB Bragantino,Palmeiras,Marcinho,Vanderlei Luxemburgo,18,8,9350000,32750000,26.8,26.7,1,2,0,0,5,3,23,12,10,23,2,3,1,2,20,14,8,7
2020,2020-09-06,09:00,8,Estádio Cícero Pompeu de Toledo,Paulo Roberto Alves Júnior,0,67428,São Paulo,Fluminense,Fernando Diniz,Odair Hellmann,2,5,16000000,16230000,26.4,26.4,3,1,0,1,3,2,20,13,12,19,3,0,0,2,14,12,9,4
2020,2020-09-06,09:00,8,Estádio Beira-Rio,Braulio da Silva Machado,0,56000,Internacional,EC Bahia,Eduardo Coudet,Claudio Prates,1,7,19830000,11000000,29.0,28.1,2,2,1,1,7,5,11,11,10,11,1,3,0,1,9,9,2,3
2020,2020-09-06,11:00,8,Estádio São Januário,Raphael Claus,0,24584,Vasco da Gama,Athletico-PR,Ramon Menezes,Eduardo Barros,4,9,16130000,9330000,26.1,25.3,1,0,1,0,3,2,7,16,15,5,4,1,2,1,8,14,5,4
2020,2020-09-07,12:00,8,Estádio Antonio Accioly,Ricardo Marques Ribeiro,0,13000,Atlético-GO,Grêmio,Vágner Mancini,Renato Gaúcho,19,11,7100000,37100000,24.9,29.8,1,1,1,1,3,3,16,13,12,16,1,1,0,1,8,6,6,4
2020,2020-09-07,01:30,8,Estádio Adelmar da Costa Carvalho,Vinicius Gomes,0,35000,Sport Recife,Goiás EC,Jair Ventura,Thiago Larghi,15,20,6130000,8130000,27.5,26.5,2,1,0,0,9,4,18,17,15,16,4,4,1,0,17,10,6,5
2020,2020-09-07,01:30,8,Estádio Major Antônio Couto Pereira,Diego Pombo Lopez,0,37182,Coritiba FC,Atlético-MG,,,16,3,,,,,0,1,0,1,4,4,14,19,16,13,1,3,0,2,13,19,5,12
2020,2020-09-09,10:30,9,Arena da Baixada,Vinicius Gonçalves Dias Araujo,0,42372,Athletico-PR,Botafogo,Eduardo Barros,Paulo Autuori,11,16,13250000,9400000,29.1,26.9,1,1,0,0,7,3,19,10,8,17,4,2,3,2,17,12,9,5
2020,2020-09-09,11:00,9,Estádio Serra Dourada,Caio Max Augusto Vieira,0,50049,Goiás EC,Coritiba FC,,,20,17,,,,,3,3,1,2,9,2,27,13,11,25,0,4,0,2,19,13,8,5
2020,2020-09-09,11:00,9,Estádio Governador Plácido Castelo,Felipe Fernandes,0,60326,Fortaleza,Sport Recife,Rogério Ceni,Jair Ventura,15,13,8050000,7400000,30.5,27.3,1,0,0,0,6,1,27,14,14,26,1,3,0,2,12,4,7,2
2020,2020-09-10,12:15,9,Estádio Cícero Pompeu de Toledo,Savio Pereira Sampaio,0,67428,São Paulo,RB Bragantino,Fernando Diniz,Maurício Barbieri,2,19,29000000,17200000,26.1,26.0,1,1,0,0,5,1,18,18,16,15,1,3,5,2,14,10,5,5
2020,2020-09-10,02:30,9,Estádio Jornalista Mário Filho,Raphael Claus,0,82238,Fluminense,Flamengo,Odair Hellmann,Domènec Torrent,9,5,9750000,71800000,28.2,28.0,1,2,0,2,7,6,15,16,16,15,4,2,1,2,18,13,7,6
2020,2020-09-10,02:30,9,Estádio Urbano Caldeira,Wagner do Nascimento Magalhães,0,20120,Santos FC,Atlético-MG,Cuca,Jorge Sampaoli,8,3,21700000,29500000,26.0,26.1,3,1,2,1,4,5,11,15,15,7,3,1,4,1,8,16,3,6
2020,2020-09-11,12:15,9,Estádio Beira-Rio,Rodrigo D,0,56000,Internacional,Ceará SC,Eduardo Coudet,Guto Ferreira,1,12,24900000,6700000,26.1,28.2,2,0,1,0,10,3,15,16,15,15,0,7,1,1,17,6,7,5
2020,2020-09-11,12:15,9,Neo Química Arena,Leandro Pedro Vuaden,0,49205,Corinthians,Palmeiras,Tiago Nunes,Vanderlei Luxemburgo,14,6,29700000,48600000,28.7,26.5,0,2,0,1,5,6,13,16,15,12,6,4,1,2,10,21,4,8
2020,2020-09-11,12:15,9,Arena Fonte Nova,Jose Mendonça,0,55000,EC Bahia,Grêmio,Claudio Prates,Renato Gaúcho,7,10,10350000,36600000,27.8,29.4,0,2,0,1,8,4,12,9,9,12,4,6,1,2,17,18,9,9
2020,2020-09-11,02:00,9,Estádio São Januário,Héber Lopes,0,24584,Vasco da Gama,Atlético-GO,Ramon Menezes,Vágner Mancini,4,18,20250000,8550000,26.9,24.9,1,2,0,0,1,4,15,23,23,13,5,4,0,1,9,13,2,4
2020,2020-09-12,09:30,10,Arena da Baixada,Jean Pierre Goncalves Lima,0,42372,Athletico-PR,Coritiba FC,,,11,18,,,,,1,0,1,0,9,6,21,12,12,21,1,1,3,3,10,5,6,2
2020,2020-09-13,12:00,10,Estádio Urbano Caldeira,Luiz Flávio de Oliveira,0,20120,Santos FC,São Paulo,Cuca,Fernando Diniz,7,2,22700000,30700000,25.8,26.3,2,2,1,2,5,2,18,20,19,15,4,4,1,3,10,12,4,3
2020,2020-09-13,09:00,10,Estádio Jornalista Mário Filho,Braulio da Silva Machado,0,82238,Fluminense,Corinthians,Odair Hellmann,Coelho,12,15,18000000,29800000,28.2,27.2,2,1,1,0,5,8,14,15,14,12,2,1,0,2,15,9,7,5
2020,2020-09-13,09:00,10,Arena do Grêmio,Igor Junior Benevenuto,0,60540,Grêmio,Fortaleza,Renato Gaúcho,Rogério Ceni,8,10,19300000,7300000,30.8,30.2,1,1,0,1,6,2,11,13,12,9,1,2,2,0,14,3,4,0
2020,2020-09-13,11:00,10,Estádio Governador Plácido Castelo,Marielson Alves Silva,0,60326,Ceará SC,Flamengo,Guto Ferreira,Domènec Torrent,14,3,8400000,53650000,29.6,27.2,2,0,0,0,5,8,8,6,5,8,2,1,2,2,8,11,3,7
2020,2020-09-13,11:00,10,Estádio Raimundo Sampaio,Ramon Abatti,0,23018,Atlético-MG,RB Bragantino,Jorge Sampaoli,Maurício Barbieri,5,19,30500000,17580000,25.9,26.2,2,1,1,0,8,3,13,18,18,12,3,5,5,0,14,12,5,6
2020,2020-09-13,11:00,10,Estádio Serra Dourada,Flavio Rodrigues de Souza,0,50049,Goiás EC,Internacional,Thiago Larghi,Eduardo Coudet,20,1,10050000,18150000,28.0,28.8,1,0,1,0,0,12,10,14,14,10,4,0,1,5,6,15,3,5
2020,2020-09-13,11:00,10,Estádio Governador Roberto Santos,Vinicius Gomes,0,30000,EC Bahia,Atlético-GO,Mano Menezes,Vágner Mancini,9,16,13150000,8250000,28.8,24.9,0,1,0,1,5,5,16,20,17,13,2,1,5,1,9,12,3,4
2020,2020-09-14,12:45,10,Allianz Parque,Diego Pombo Lopez,0,43600,Palmeiras,Sport Recife,Vanderlei Luxemburgo,Jair Ventura,4,13,41600000,7450000,27.9,28.0,2,2,2,1,6,2,15,12,12,14,2,5,3,1,20,9,7,3
2020,2020-09-14,01:30,10,Estádio Olímpico Nilton Santos,Wilton Sampaio,0,46931,Botafogo,Vasco da Gama,Paulo Autuori,Ramon Menezes,17,6,9000000,22750000,26.5,27.7,2,3,0,1,5,4,18,8,8,18,3,7,0,2,25,14,12,5
2020,2020-08-27,12:00,11,Estádio Cícero Pompeu de Toledo,Marcelo de Lima Henrique,0,67428,São Paulo,Athletico-PR,Fernando Diniz,Dorival Júnior,4,9,19800000,14050000,27.1,24.5,1,0,0,0,4,1,13,16,14,13,3,5,3,1,16,5,8,2
2020,2020-09-17,02:30,11,Neo Química Arena,Wagner do Nascimento Magalhães,0,49205,Corinthians,EC Bahia,Coelho,Mano Menezes,16,14,25500000,11350000,26.5,29.2,3,2,2,1,4,11,15,13,12,15,3,2,1,5,11,24,4,13
2020,2020-09-20,12:00,11,Estádio Nabi Abi Chedid,Jefferson Ferreira Moraes,0,13212,RB Bragantino,Ceará SC,Maurício Barbieri,Guto Ferreira,20,11,16500000,7700000,25.6,27.7,4,2,3,1,5,9,24,11,10,23,4,5,2,1,18,13,8,4
2020,2020-09-20,12:00,11,Estádio Governador Plácido Castelo,Marielson Alves Silva,0,60326,Fortaleza,Internacional,Rogério Ceni,Eduardo Coudet,13,1,7750000,17850000,30.8,27.5,1,0,0,0,3,7,9,20,19,9,1,2,2,2,12,11,7,7
2020,2020-09-20,02:00,11,Estádio Antonio Accioly,Edina Alves Batista,0,13000,Atlético-GO,Atlético-MG,Vágner Mancini,Jorge Sampaoli,12,2,8250000,31900000,24.9,26.8,3,4,1,0,6,4,16,14,14,16,4,6,1,4,15,14,3,4
2020,2020-09-20,09:00,11,Arena do Grêmio,Rodrigo D,0,60540,Grêmio,Palmeiras,Renato Gaúcho,Vanderlei Luxemburgo,8,5,37400000,35650000,30.1,28.1,1,1,0,0,6,3,21,21,19,20,1,1,0,2,13,9,5,4
2020,2020-09-20,09:00,11,Estádio Major Antônio Couto Pereira,Luiz Flávio de Oliveira,0,37182,Coritiba FC,Vasco da Gama,,,18,3,,,,,1,0,0,0,6,6,14,15,15,14,3,1,3,0,11,11,5,5
2020,2020-09-20,11:15,11,Estádio Olímpico Nilton Santos,Jose Mendonça,0,46931,Botafogo,Santos FC,Paulo Autuori,Cuca,17,7,9950000,20900000,25.2,27.4,0,0,0,0,8,10,15,13,13,14,6,0,0,1,7,21,6,10
2020,2020-09-21,01:30,11,Estádio Adelmar da Costa Carvalho,Leandro Pedro Vuaden,0,35000,Sport Recife,Fluminense,Jair Ventura,Odair Hellmann,15,10,6850000,11600000,28.0,26.8,1,0,1,0,5,8,10,9,9,8,4,2,3,3,8,18,2,9
2020,2020-10-13,11:00,11,Estádio Jornalista Mário Filho,Paulo Roberto Alves Júnior,0,78838,Flamengo,Goiás EC,Domènec Torrent,Enderson Moreira,6,19,49200000,10050000,25.2,27.5,2,1,1,1,9,4,12,12,11,12,3,10,1,4,31,7,13,2
2020,2020-09-24,02:30,12,Estádio Adelmar da Costa Carvalho,Wilton Sampaio,0,35000,Sport Recife,Corinthians,Jair Ventura,Coelho,12,14,8500000,23500000,29.7,27.4,1,0,1,0,3,8,11,15,14,11,2,1,1,2,9,16,3,8
2020,2020-09-27,12:00,12,Estádio Beira-Rio,Marcelo de Lima Henrique,0,56000,Internacional,São Paulo,Eduardo Coudet,Fernando Diniz,3,2,25550000,33200000,28.0,26.8,1,1,1,1,1,4,16,16,15,16,5,0,3,0,4,18,0,7
2020,2020-09-27,12:00,12,Arena da Baixada,Ricardo Marques Ribeiro,0,42372,Athletico-PR,EC Bahia,Eduardo Barros,Mano Menezes,10,16,17800000,14150000,25.8,27.1,1,0,0,0,1,6,20,11,10,19,4,3,2,4,13,14,8,6
2020,2020-09-27,02:00,12,Estádio Raimundo Sampaio,Caio Max Augusto Vieira,0,23018,Atlético-MG,Grêmio,Jorge Sampaoli,Renato Gaúcho,1,8,32600000,42600000,25.9,28.4,3,1,1,0,9,4,20,11,10,20,3,3,0,0,20,9,7,5
2020,2020-09-27,04:00,12,Estádio São Januário,Rodolpho Toski Marques,0,24584,Vasco da Gama,RB Bragantino,Ramon Menezes,Maurício Barbieri,6,18,20000000,16680000,25.5,27.3,1,1,0,0,2,5,9,16,16,7,2,0,4,1,10,12,4,6
2020,2020-09-27,09:00,12,Allianz Parque,Jean Pierre Goncalves Lima,0,43600,Palmeiras,Flamengo,Vanderlei Luxemburgo,Domènec Torrent,5,4,70250000,50500000,27.5,21.6,1,1,0,0,5,4,13,16,16,13,3,6,1,0,17,10,7,4
2020,2020-09-27,11:15,12,Estádio Governador Plácido Castelo,Ramon Abatti,0,60326,Ceará SC,Goiás EC,Guto Ferreira,Thiago Larghi,13,20,7550000,10050000,31.2,28.2,2,2,0,1,11,7,14,14,13,12,5,3,8,3,19,10,8,2
2020,2020-09-27,11:15,12,Estádio Antonio Accioly,Leandro Pedro Vuaden,0,13000,Atlético-GO,Botafogo,Vágner Mancini,Paulo Autuori,15,19,9600000,8200000,26.3,25.5,1,1,0,1,7,5,16,12,11,14,4,1,2,0,10,16,5,6
2020,2020-09-28,01:30,12,Estádio Urbano Caldeira,Héber Lopes,0,20120,Santos FC,Fortaleza,Cuca,Rogério Ceni,7,9,28300000,8050000,24.9,30.9,1,1,1,0,9,5,12,19,19,12,2,5,1,2,15,12,6,6
2020,2020-09-29,01:00,12,Estádio Olímpico Nilton Santos,Vinicius Gonçalves Dias Araujo,0,42238,Fluminense,Coritiba FC,,,11,17,,,,,4,0,1,0,5,4,16,19,18,14,1,3,0,3,15,10,4,5
2020,2020-10-03,10:00,13,Arena do Grêmio,Raphael Claus,0,60540,Grêmio,Internacional,Renato Gaúcho,Eduardo Coudet,12,3,44100000,28350000,29.1,29.9,1,1,0,0,5,5,14,16,16,13,1,4,1,1,14,9,4,6
2020,2020-10-04,12:00,13,Allianz Parque,Bruno Arleu de Araújo,0,43600,Palmeiras,Ceará SC,Vanderlei Luxemburgo,Guto Ferreira,5,13,36950000,5650000,28.2,29.8,2,1,1,1,9,4,10,19,19,10,6,9,1,0,27,13,10,3
2020,2020-10-04,02:00,13,Estádio Nabi Abi Chedid,Edina Alves Batista,0,13212,RB Bragantino,Corinthians,Maurício Barbieri,Coelho,18,15,16780000,33900000,27.5,28.8,0,0,0,0,3,8,18,13,13,17,4,2,1,1,10,12,5,4
2020,2020-10-04,04:00,13,Estádio Olímpico Nilton Santos,Anderson Daronco,0,46931,Botafogo,Fluminense,Bruno Lazaroni,Odair Hellmann,19,7,9700000,11600000,26.6,29.7,1,1,0,1,7,4,20,22,21,20,5,5,0,1,17,8,9,3
2020,2020-10-04,09:00,13,Estádio Jornalista Mário Filho,Rodrigo D,0,78838,Flamengo,Athletico-PR,Domènec Torrent,Eduardo Barros,4,8,59150000,15450000,25.9,26.5,3,1,0,0,4,5,18,22,21,17,2,4,2,2,13,10,4,5
2020,2020-10-04,09:00,13,Estádio Major Antônio Couto Pereira,Wagner do Nascimento Magalhães,0,37182,Coritiba FC,São Paulo,,,17,2,,,,,1,1,1,0,2,11,13,12,12,11,4,0,0,2,3,19,2,9
2020,2020-10-04,11:15,13,Estádio Governador Roberto Santos,Rafael Traci,0,31000,EC Bahia,Sport Recife,Mano Menezes,Jair Ventura,16,9,11980000,8400000,29.3,29.1,1,2,0,1,11,0,15,13,10,14,0,10,2,0,23,5,8,2
2020,2020-10-04,11:15,13,Estádio Governador Plácido Castelo,Jose Mendonça,0,60326,Fortaleza,Atlético-GO,Rogério Ceni,Vágner Mancini,11,14,7250000,8400000,29.6,25.5,0,0,0,0,8,1,8,14,14,7,2,4,1,0,15,7,8,4
2020,2020-10-04,11:15,13,Estádio Serra Dourada,Marielson Alves Silva,0,50049,Goiás EC,Santos FC,Enderson Moreira,Cuca,20,10,10050000,21600000,28.1,25.9,2,3,1,1,2,4,16,15,15,16,2,2,4,0,14,10,9,3
2020,2020-10-05,01:30,13,Estádio Raimundo Sampaio,Leandro Pedro Vuaden,0,23018,Atlético-MG,Vasco da Gama,Jorge Sampaoli,Ramon Menezes,1,6,31100000,23000000,26.9,26.0,4,1,4,1,,,,,,,,,,,,,,
2020,2020-10-08,12:00,14,Neo Química Arena,Marcelo de Lima Henrique,0,49205,Corinthians,Santos FC,Coelho,Cuca,15,7,32800000,24200000,27.6,26.1,1,1,1,1,6,3,19,16,16,19,1,3,0,0,13,7,6,3
2020,2020-10-08,12:15,14,Estádio Jornalista Mário Filho,Caio Max Augusto Vieira,0,78838,Flamengo,Sport Recife,Domènec Torrent,Jair Ventura,2,6,47250000,8400000,27.3,29.1,3,0,0,0,8,6,14,16,16,12,1,3,1,1,16,14,5,7
2020,2020-10-08,12:15,14,Arena do Grêmio,Ramon Abatti,0,60540,Grêmio,Coritiba FC,,,12,17,,,,,2,1,2,0,6,6,18,21,20,18,2,3,1,4,11,13,4,6
2020,2020-10-08,12:15,14,Estádio Governador Roberto Santos,Jean Pierre Goncalves Lima,0,30000,EC Bahia,Vasco da Gama,Mano Menezes,Ramon Menezes,16,8,11700000,21100000,29.1,26.8,3,0,3,0,4,6,18,15,14,16,1,3,0,1,13,10,3,6
2020,2020-10-08,01:30,14,Estádio Cícero Pompeu de Toledo,Dyorgines Jose Padovani,0,67428,São Paulo,Atlético-GO,Fernando Diniz,Vágner Mancini,3,13,27000000,7650000,26.9,26.0,3,0,1,0,5,3,17,12,12,17,5,6,1,2,25,15,8,8
2020,2020-10-08,01:30,14,Estádio Serra Dourada,Luiz Flávio de Oliveira,0,50049,Goiás EC,Fluminense,Enderson Moreira,Odair Hellmann,20,9,6700000,11350000,26.2,29.6,2,4,1,1,5,4,19,15,14,16,1,1,0,4,12,10,7,3
2020,2020-10-08,02:30,14,Estádio Olímpico Nilton Santos,Rodolpho Toski Marques,0,46931,Botafogo,Palmeiras,Bruno Lazaroni,Vanderlei Luxemburgo,19,4,10300000,29000000,26.4,29.3,2,1,0,0,2,5,16,15,15,15,3,2,0,2,11,20,2,11
2020,2020-10-08,02:30,14,Estádio Governador Plácido Castelo,Savio Pereira Sampaio,0,60326,Fortaleza,Atlético-MG,Rogério Ceni,Jorge Sampaoli,11,1,7500000,23600000,29.5,29.2,2,1,1,1,1,8,9,19,18,9,3,1,1,2,7,15,1,10
2020,2020-10-09,12:00,14,Arena da Baixada,Wilton Sampaio,0,42372,Athletico-PR,Ceará SC,Eduardo Barros,Guto Ferreira,10,14,18200000,7000000,26.8,31.9,0,0,0,0,3,3,11,12,12,10,4,1,2,2,13,13,7,6
2020,2020-10-09,02:00,14,Estádio Nabi Abi Chedid,Felipe Fernandes,0,13212,RB Bragantino,Internacional,Maurício Barbieri,Eduardo Coudet,18,5,14530000,28100000,27.4,28.4,0,2,0,2,7,2,18,22,22,16,3,2,2,1,12,8,3,2
2020,2020-10-10,10:00,15,Estádio São Januário,Flavio Rodrigues de Souza,0,24584,Vasco da Gama,Flamengo,Alexandre Grasseli,Domènec Torrent,11,2,22150000,52200000,26.4,26.6,1,2,1,0,5,5,14,25,24,13,1,3,3,2,13,8,6,2
2020,2020-10-11,12:00,15,Allianz Parque,Leandro Pedro Vuaden,0,43600,Palmeiras,São Paulo,Vanderlei Luxemburgo,Fernando Diniz,5,3,28350000,31200000,28.7,26.5,0,2,0,0,8,4,15,17,15,15,2,3,2,0,9,13,4,6
2020,2020-10-11,12:00,15,Estádio Major Antônio Couto Pereira,Ricardo Marques Ribeiro,0,37182,Coritiba FC,Fortaleza,,,18,9,,,,,0,0,0,0,2,4,19,12,12,18,2,2,1,0,10,12,7,6
2020,2020-10-11,02:00,15,Estádio Governador Magalhães Pinto,Vinicius Gonçalves Dias Araujo,0,57018,Atlético-MG,Goiás EC,Jorge Sampaoli,Enderson Moreira,1,20,27800000,9200000,26.5,26.7,3,0,2,0,8,1,14,11,11,13,3,8,4,1,23,4,8,0
2020,2020-10-11,09:00,15,Estádio Jornalista Mário Filho,Jose Mendonça,0,82238,Fluminense,EC Bahia,Odair Hellmann,Mano Menezes,6,13,11350000,11700000,29.6,29.1,1,0,0,0,3,4,26,18,18,26,1,1,0,0,8,12,5,7
2020,2020-10-11,09:00,15,Estádio Urbano Caldeira,Braulio da Silva Machado,0,20120,Santos FC,Grêmio,Cuca,Renato Gaúcho,7,10,30600000,21950000,26.0,30.0,2,1,1,0,4,7,16,14,12,16,3,4,3,2,11,11,4,5
2020,2020-10-11,11:15,15,Estádio Adelmar da Costa Carvalho,Rodrigo D,0,35000,Sport Recife,Botafogo,Jair Ventura,Bruno Lazaroni,8,17,8100000,11000000,28.0,27.5,1,2,0,2,6,8,11,15,14,11,2,2,0,0,17,11,10,5
2020,2020-10-11,11:15,15,Estádio Antonio Accioly,Héber Lopes,0,13000,Atlético-GO,RB Bragantino,Vágner Mancini,Maurício Barbieri,16,19,8800000,7350000,25.2,28.5,2,1,1,1,7,11,17,18,16,16,4,6,0,2,24,19,13,8
2020,2020-10-12,01:30,15,Estádio Beira-Rio,Bruno Arleu de Araújo,0,56000,Internacional,Athletico-PR,Eduardo Coudet,Eduardo Barros,4,12,26000000,20000000,27.1,25.9,2,1,2,1,6,1,19,14,12,19,3,3,3,2,13,14,2,6
2020,2020-10-12,01:30,15,Estádio Governador Plácido Castelo,Anderson Daronco,0,60326,Ceará SC,Corinthians,Guto Ferreira,Coelho,14,15,7100000,37600000,30.3,26.1,2,1,1,1,6,6,9,10,10,8,2,3,2,1,15,10,10,4
2020,2020-10-14,11:00,16,Allianz Parque,Jefferson Ferreira Moraes,0,43600,Palmeiras,Coritiba FC,,,7,18,,,,,1,3,1,2,6,2,13,20,20,12,6,4,1,2,16,12,6,2
2020,2020-10-15,12:15,16,Arena do Grêmio,Luiz Flávio de Oliveira,0,60540,Grêmio,Botafogo,Renato Gaúcho,Bruno Lazaroni,10,15,45400000,8900000,30.3,25.4,3,1,1,1,1,4,11,13,13,11,2,1,1,0,10,16,5,11
2020,2020-10-15,01:30,16,Estádio Urbano Caldeira,Igor Junior Benevenuto,0,20120,Santos FC,Atlético-GO,Cuca,Eduardo Souza,6,14,25200000,8400000,26.0,24.8,0,1,0,0,7,2,18,21,20,16,0,3,1,2,12,8,5,5
2020,2020-10-15,02:30,16,Estádio Governador Magalhães Pinto,Raphael Claus,0,57000,Atlético-MG,Fluminense,Jorge Sampaoli,Odair Hellmann,1,5,28600000,12750000,26.2,26.9,1,1,0,1,9,4,11,9,9,11,2,7,0,3,13,11,3,6
2020,2020-10-15,02:30,16,Estádio Adelmar da Costa Carvalho,Wagner do Nascimento Magalhães,0,35000,Sport Recife,Internacional,Jair Ventura,Eduardo Coudet,9,4,8450000,25100000,28.3,30.5,3,5,1,2,2,7,6,19,19,6,4,2,1,3,13,14,6,5
2020,2020-10-15,02:30,16,Arena da Baixada,Savio Pereira Sampaio,0,42372,Athletico-PR,Corinthians,Eduardo Barros,Vágner Mancini,12,17,20500000,33000000,25.3,26.2,0,1,0,0,8,2,18,14,13,18,5,9,2,1,15,13,4,5
2020,2020-10-16,01:00,16,Estádio Jornalista Mário Filho,Daniel Nobre Bins,0,78838,Flamengo,RB Bragantino,Domènec Torrent,Maurício Barbieri,2,19,42600000,10750000,26.4,25.5,1,1,0,0,5,1,16,14,12,16,2,9,1,2,19,11,5,5
2020,2020-10-17,01:00,16,Estádio Serra Dourada,Rodrigo Carvalhaes de Miranda,0,50049,Goiás EC,EC Bahia,Enderson Moreira,Mano Menezes,20,16,7830000,11600000,28.3,29.3,1,1,0,0,5,2,16,18,16,16,2,3,1,3,10,13,4,6
2020,2020-11-19,11:00,16,Estádio São Januário,Jean Pierre Goncalves Lima,0,24584,Vasco da Gama,Fortaleza,Ricardo Sá Pinto,Rogério Ceni,11,8,22200000,7300000,27.8,30.0,0,0,0,0,4,11,11,20,17,10,5,5,1,1,11,18,4,6
2020,2020-11-25,11:15,16,Estádio Governador Plácido Castelo,Wagner do Nascimento Magalhães,0,60326,Ceará SC,São Paulo,Guto Ferreira,Fernando Diniz,13,3,7350000,30700000,28.2,27.4,1,1,0,1,,,,,,,,,,,,,,
2020,2020-10-18,12:00,17,Estádio Major Antônio Couto Pereira,Bruno Arleu de Araújo,0,37182,Coritiba FC,Santos FC,,,18,6,,,,,1,2,0,2,9,1,18,25,25,16,0,3,1,0,18,6,9,2
2020,2020-10-18,12:00,17,Estádio Antonio Accioly,Pablo Ramón Goncalves Pinheiro,0,13000,Atlético-GO,Athletico-PR,Eduardo Souza,Eduardo Barros,10,14,9600000,21250000,25.4,25.4,1,1,1,0,2,11,10,20,20,8,5,0,1,2,11,18,8,8
2020,2020-10-18,12:00,17,Estádio Jornalista Mário Filho,Gilberto Rodrigues Castro Junior,0,82238,Fluminense,Ceará SC,Odair Hellmann,Guto Ferreira,5,13,12650000,6100000,29.5,29.4,2,2,1,1,4,3,16,17,17,15,3,1,2,2,6,17,2,7
2020,2020-10-18,02:00,17,Estádio Cícero Pompeu de Toledo,Rafael Traci,0,67428,São Paulo,Grêmio,Fernando Diniz,Renato Gaúcho,4,7,31200000,48100000,26.4,28.8,0,0,0,0,2,7,24,15,15,23,2,1,1,2,8,11,7,6
2020,2020-10-18,09:00,17,Neo Química Arena,Leandro Pedro Vuaden,0,49205,Corinthians,Flamengo,Vágner Mancini,Domènec Torrent,15,3,25600000,51250000,28.2,26.9,1,5,0,1,10,3,14,13,13,14,1,6,1,2,19,9,8,1
2020,2020-10-18,11:15,17,Estádio Beira-Rio,Braulio da Silva Machado,0,56000,Internacional,Vasco da Gama,Eduardo Coudet,Alexandre Grasseli,2,12,25400000,23150000,29.6,27.0,2,0,2,0,6,3,17,11,11,16,4,5,1,0,13,8,4,4
2020,2020-10-19,01:30,17,Estádio Governador Plácido Castelo,Marcelo de Lima Henrique,0,60326,Fortaleza,Palmeiras,Rogério Ceni,Andrey Lopes,9,8,6250000,46400000,28.2,26.8,2,0,2,0,1,7,14,19,19,14,3,2,0,2,10,15,5,6
2020,2020-10-19,01:30,17,Estádio Nabi Abi Chedid,Ricardo Marques Ribeiro,0,13212,RB Bragantino,Sport Recife,Maurício Barbieri,Jair Ventura,19,11,15580000,8600000,26.1,27.7,2,0,0,0,8,6,13,13,12,13,2,2,1,0,18,3,11,0
2020,2020-10-20,01:00,17,Estádio Governador Roberto Santos,Anderson Daronco,0,30000,EC Bahia,Atlético-MG,Mano Menezes,Jorge Sampaoli,17,1,8530000,31100000,27.7,26.9,3,1,0,1,2,8,14,14,13,14,3,3,1,1,13,20,4,11
2020,2020-10-20,01:00,17,Estádio Olímpico Nilton Santos,Edina Alves Batista,0,46931,Botafogo,Goiás EC,Bruno Lazaroni,Enderson Moreira,16,20,10150000,10450000,26.7,27.1,0,0,0,0,11,5,18,11,10,17,4,6,3,0,23,12,7,6
2020,2020-10-22,02:30,18,Estádio São Januário,Caio Max Augusto Vieira,0,24584,Vasco da Gama,Corinthians,Ricardo Sá Pinto,Vágner Mancini,13,17,17100000,27600000,25.0,27.4,1,2,0,1,9,6,12,18,15,12,2,7,1,2,17,11,6,3
2020,2020-10-24,10:00,18,Estádio Nabi Abi Chedid,Ramon Abatti,0,13212,RB Bragantino,Goiás EC,Maurício Barbieri,Enderson Moreira,19,20,16100000,7830000,27.4,28.4,2,0,1,0,6,4,17,15,14,17,1,3,1,3,14,7,6,5
2020,2020-10-25,12:00,18,Estádio Governador Plácido Castelo,Felipe Fernandes,0,60326,Ceará SC,Coritiba FC,,,12,18,,,,,2,1,1,1,5,8,22,12,10,21,5,2,1,1,15,14,8,6
2020,2020-10-25,02:00,18,Estádio Governador Magalhães Pinto,Paulo Roberto Alves Júnior,0,57000,Atlético-MG,Sport Recife,Jorge Sampaoli,Jair Ventura,3,11,31100000,7350000,26.9,29.6,0,0,0,0,13,4,10,11,11,7,0,9,2,1,26,3,11,3
2020,2020-10-25,08:00,18,Estádio Jornalista Mário Filho,Anderson Daronco,0,82238,Fluminense,Santos FC,Odair Hellmann,Cuca,6,5,12050000,23900000,29.3,26.1,3,1,1,1,10,8,13,18,18,12,1,5,2,3,19,9,5,3
2020,2020-10-25,08:00,18,Estádio Antonio Accioly,Savio Pereira Sampaio,0,13000,Atlético-GO,Palmeiras,Eduardo Souza,Andrey Lopes,10,9,7900000,44750000,24.6,26.8,0,3,0,1,6,3,15,17,17,13,1,5,0,2,20,12,9,6
2020,2020-10-25,10:15,18,Estádio Beira-Rio,Wilton Sampaio,0,56000,Internacional,Flamengo,Eduardo Coudet,Domènec Torrent,1,2,25200000,51050000,28.9,26.7,2,2,2,1,1,7,16,15,14,15,3,3,1,1,10,16,4,5
2020,2020-10-25,10:15,18,Arena da Baixada,Flavio Rodrigues de Souza,0,42372,Athletico-PR,Grêmio,Paulo Autuori,Renato Gaúcho,15,8,20800000,16350000,27.1,27.7,1,2,1,0,4,2,15,11,10,15,1,0,1,1,5,8,4,6
2020,2020-11-11,10:45,18,Arena Fonte Nova,Wagner do Nascimento Magalhães,0,55000,EC Bahia,Fortaleza,Mano Menezes,Marconne Montenegro,14,7,8480000,7850000,27.7,30.2,2,1,1,0,4,7,14,11,11,13,0,4,1,2,13,8,5,4
2020,2020-12-10,01:30,18,Estádio Cícero Pompeu de Toledo,Ricardo Marques Ribeiro,0,67428,São Paulo,Botafogo,Fernando Diniz,Felipe Lucena,4,16,31000000,10850000,27.1,27.1,4,0,3,0,12,0,12,8,6,12,1,10,1,0,31,8,13,6
2020,2020-10-31,09:00,19,Estádio Olímpico Nilton Santos,Diego Pombo Lopez,0,46931,Botafogo,Ceará SC,Flávio Tenius,Guto Ferreira,18,10,7580000,6900000,25.8,29.5,2,2,2,1,4,2,17,19,18,15,2,5,1,0,12,10,4,5
2020,2020-10-31,11:00,19,Neo Química Arena,Paulo Roberto Alves Júnior,0,49205,Corinthians,Internacional,Vágner Mancini,Eduardo Coudet,14,1,27400000,27700000,28.1,28.8,1,0,1,0,2,4,17,12,11,15,0,2,2,2,8,7,4,4
2020,2020-10-31,11:00,19,Estádio Major Antônio Couto Pereira,Daniel Nobre Bins,0,37182,Coritiba FC,Atlético-GO,Pachequinho,Eduardo Souza,19,12,8450000,7950000,29.0,25.7,1,0,1,0,0,12,22,18,17,21,5,0,0,0,5,14,3,4
2020,2020-11-01,01:00,19,Estádio Governador Plácido Castelo,Marielson Alves Silva,0,60326,Fortaleza,Fluminense,Rogério Ceni,Odair Hellmann,9,5,7400000,12800000,28.6,27.3,0,1,0,0,3,7,14,18,18,14,3,1,0,1,4,11,2,4
2020,2020-11-01,08:00,19,Estádio Jornalista Mário Filho,Caio Max Augusto Vieira,0,78838,Flamengo,São Paulo,Domènec Torrent,Fernando Diniz,2,3,48050000,31200000,26.5,26.4,1,4,1,2,6,4,18,18,18,17,4,6,2,0,17,13,3,3
2020,2020-11-01,08:00,19,Estádio Adelmar da Costa Carvalho,Jefferson Ferreira Moraes,0,35000,Sport Recife,Athletico-PR,Jair Ventura,Paulo Autuori,13,16,8300000,15400000,28.9,26.0,1,0,0,0,2,5,17,15,15,16,2,2,3,3,11,12,4,7
2020,2020-11-01,10:15,19,Estádio Urbano Caldeira,Héber Lopes,0,20120,Santos FC,EC Bahia,Cuca,Mano Menezes,6,11,36600000,9300000,25.6,27.8,3,1,3,1,6,9,19,13,13,19,5,3,2,3,9,21,2,7
2020,2020-11-02,12:30,19,Estádio Serra Dourada,Igor Junior Benevenuto,0,50049,Goiás EC,Vasco da Gama,Enderson Moreira,Ricardo Sá Pinto,20,15,8050000,19300000,26.8,25.6,1,1,0,1,2,6,16,19,18,14,0,9,2,6,19,7,4,2
2020,2020-11-02,09:00,19,Allianz Parque,Braulio da Silva Machado,0,43600,Palmeiras,Atlético-MG,Andrey Lopes,Jorge Sampaoli,8,4,40250000,42500000,27.4,25.7,3,0,1,0,3,9,10,12,11,10,2,5,2,0,19,16,9,9
2020,2020-11-03,12:00,19,Arena do Grêmio,Savio Pereira Sampaio,0,60540,Grêmio,RB Bragantino,Renato Gaúcho,Maurício Barbieri,7,17,41100000,17950000,29.2,26.8,2,1,0,0,3,4,13,12,12,8,6,1,1,0,11,13,5,4
2020,2020-11-07,09:00,20,Estádio Governador Plácido Castelo,Ricardo Marques Ribeiro,0,60326,Ceará SC,Sport Recife,Guto Ferreira,Jair Ventura,11,10,5950000,7800000,27.5,27.2,0,0,0,0,9,1,17,13,12,17,1,6,4,0,26,4,13,2
2020,2020-11-07,09:00,20,Arena da Baixada,Ramon Abatti,0,42372,Athletico-PR,Fortaleza,Paulo Autuori,Rogério Ceni,17,9,18800000,8200000,26.8,29.9,2,1,0,1,10,3,20,14,14,20,2,4,3,4,21,11,7,4
2020,2020-11-07,09:00,20,Estádio Cícero Pompeu de Toledo,Gilberto Rodrigues Castro Junior,0,67428,São Paulo,Goiás EC,Fernando Diniz,Enderson Moreira,1,20,28200000,7250000,26.1,27.6,2,1,1,1,10,2,9,19,18,8,2,7,1,1,20,8,6,3
2020,2020-11-08,01:00,20,Estádio Antonio Accioly,Jean Pierre Goncalves Lima,0,13000,Atlético-GO,Corinthians,Eduardo Souza,Vágner Mancini,14,12,5700000,27600000,25.9,28.7,1,1,1,0,7,3,22,25,25,17,1,4,2,2,15,6,6,3
2020,2020-11-08,08:00,20,Estádio São Januário,Anderson Daronco,0,24584,Vasco da Gama,Palmeiras,Ricardo Sá Pinto,Abel Ferreira,15,8,25050000,62950000,27.6,27.1,0,1,0,0,0,4,17,19,19,16,2,3,0,1,9,8,5,2
2020,2020-11-08,08:00,20,Estádio Beira-Rio,Dyorgines Jose Padovani,0,56000,Internacional,Coritiba FC,Eduardo Coudet,Rodrigo Santana,2,18,27000000,8050000,27.2,28.9,2,2,1,0,9,3,9,13,13,9,1,2,0,2,12,10,3,5
2020,2020-11-08,10:15,20,Estádio Governador Magalhães Pinto,Savio Pereira Sampaio,0,57000,Atlético-MG,Flamengo,Jorge Sampaoli,Domènec Torrent,4,3,32400000,51750000,26.8,27.0,4,0,2,0,2,7,21,13,12,19,5,1,1,1,9,13,4,5
2020,2020-11-08,10:15,20,Arena Fonte Nova,Jefferson Ferreira Moraes,0,55000,EC Bahia,Botafogo,Mano Menezes,Flávio Tenius,13,16,9450000,8000000,29.4,25.6,1,0,0,0,4,4,19,17,16,18,3,4,1,1,20,10,7,5
2020,2020-11-08,10:15,20,Estádio Nabi Abi Chedid,Vinicius Furlan,0,13212,RB Bragantino,Santos FC,Maurício Barbieri,Cuca,19,6,22780000,36100000,25.3,24.9,1,1,0,0,5,3,15,20,17,14,0,1,1,1,12,4,6,2
2020,2020-11-09,12:30,20,Estádio Jornalista Mário Filho,Edina Alves Batista,0,82238,Fluminense,Grêmio,Odair Hellmann,Renato Gaúcho,5,7,12200000,49450000,28.3,26.4,0,1,0,1,4,5,12,13,13,11,3,4,1,2,12,13,3,7
2020,2020-11-14,08:30,21,Estádio Adelmar da Costa Carvalho,Héber Lopes,0,35000,Sport Recife,Vasco da Gama,Jair Ventura,Ricardo Sá Pinto,10,16,9000000,24000000,29.6,27.6,0,2,0,1,4,2,14,21,19,14,2,3,2,1,13,14,5,5
2020,2020-11-14,08:30,21,Estádio Urbano Caldeira,Savio Pereira Sampaio,0,20120,Santos FC,Internacional,Cuca,Abel Braga,8,2,21200000,23580000,24.6,28.4,2,0,0,0,2,7,24,18,18,22,6,5,1,2,10,12,1,4
2020,2020-11-14,09:00,21,Estádio Serra Dourada,Flavio Rodrigues de Souza,0,12500,Goiás EC,Athletico-PR,Enderson Moreira,Paulo Autuori,20,15,7800000,22300000,28.3,25.9,0,1,0,1,8,10,14,12,12,14,7,1,3,0,10,16,7,4
2020,2020-11-14,11:00,21,Estádio Governador Plácido Castelo,Marcelo de Lima Henrique,0,60326,Fortaleza,São Paulo,Marcelo Chamusca,Fernando Diniz,11,1,7600000,24600000,29.6,25.8,2,3,1,1,2,3,15,18,17,15,2,3,1,2,12,8,7,2
2020,2020-11-14,11:00,21,Neo Química Arena,Rodrigo D,0,49205,Corinthians,Atlético-MG,Vágner Mancini,Jorge Sampaoli,13,3,31100000,45600000,27.3,27.4,1,2,1,0,6,6,29,11,10,29,1,0,1,1,8,13,3,7
2020,2020-11-14,11:00,21,Estádio Major Antônio Couto Pereira,Igor Junior Benevenuto,0,37182,Coritiba FC,EC Bahia,Rodrigo Santana,Mano Menezes,17,9,9150000,8050000,27.5,28.6,1,2,1,1,7,5,12,12,11,10,3,1,1,1,16,15,8,6
2020,2020-11-14,11:00,21,Arena do Grêmio,Jose Mendonça,0,60540,Grêmio,Ceará SC,Renato Gaúcho,Guto Ferreira,5,12,49800000,7100000,27.7,30.0,4,2,3,1,3,4,8,14,14,8,1,3,1,0,16,11,5,6
2020,2020-11-15,01:30,21,Allianz Parque,Leandro Pedro Vuaden,0,43600,Palmeiras,Fluminense,Abel Ferreira,Odair Hellmann,7,6,53550000,12050000,27.2,28.4,2,0,0,0,3,5,15,8,7,15,5,3,3,3,9,15,2,8
2020,2020-11-15,01:30,21,Estádio Jornalista Mário Filho,Rafael Traci,0,78838,Flamengo,Atlético-GO,Rogério Ceni,Marcelo Cabo,4,14,62300000,8200000,25.4,25.4,1,1,1,0,11,4,15,16,16,14,4,5,1,2,19,10,9,4
2020,2020-11-17,12:00,21,Estádio Olímpico Nilton Santos,Rodolpho Toski Marques,0,46931,Botafogo,RB Bragantino,Emiliano Ramón Díaz,Maurício Barbieri,19,18,8450000,15230000,27.0,25.7,1,2,1,1,7,3,16,18,17,15,2,2,2,0,12,11,8,5
2020,2020-11-20,11:00,22,Estádio Nabi Abi Chedid,Anderson Daronco,0,13212,RB Bragantino,EC Bahia,Maurício Barbieri,Mano Menezes,17,9,24050000,11680000,25.5,29.8,4,0,3,0,5,9,16,13,13,16,1,3,0,0,12,8,3,4
2020,2020-11-21,10:00,22,Arena da Baixada,Marcelo de Lima Henrique,0,42372,Athletico-PR,Santos FC,Paulo Autuori,Cuca,10,7,19500000,7000000,25.5,24.1,1,0,0,0,9,2,22,13,13,22,4,3,2,1,13,6,5,2
2020,2020-11-21,10:00,22,Estádio Jornalista Mário Filho,Ricardo Marques Ribeiro,0,78838,Flamengo,Coritiba FC,Rogério Ceni,Rodrigo Santana,4,18,60200000,8050000,28.1,27.9,3,1,2,0,4,4,16,18,18,15,0,6,0,1,23,6,10,2
2020,2020-11-22,12:00,22,Estádio Serra Dourada,Bruno Arleu de Araújo,0,12500,Goiás EC,Palmeiras,Glauber Ramos,Abel Ferreira,20,6,7800000,32700000,27.0,27.4,1,0,0,0,1,4,20,15,15,17,3,1,1,1,8,14,6,7
2020,2020-11-22,07:00,22,Estádio Cícero Pompeu de Toledo,Braulio da Silva Machado,0,67428,São Paulo,Vasco da Gama,Fernando Diniz,Ricardo Sá Pinto,1,15,28300000,12780000,27.5,25.5,1,1,1,1,7,4,7,19,18,5,2,4,2,2,17,6,8,2
2020,2020-11-22,07:00,22,Estádio Governador Plácido Castelo,Raphael Claus,0,60326,Ceará SC,Atlético-MG,Guto Ferreira,Jorge Sampaoli,13,2,7400000,37550000,29.5,25.0,2,2,0,1,2,7,11,12,10,11,2,3,2,1,11,18,6,8
2020,2020-11-22,09:15,22,Estádio Beira-Rio,Luiz Flávio de Oliveira,0,56000,Internacional,Fluminense,Abel Braga,Odair Hellmann,3,8,20980000,18300000,27.3,28.5,1,2,1,0,4,4,20,20,18,18,0,3,1,0,13,7,7,3
2020,2020-11-22,09:15,22,Estádio Olímpico Nilton Santos,Héber Lopes,0,46931,Botafogo,Fortaleza,Emiliano Ramón Díaz,Marcelo Chamusca,19,12,9350000,7750000,27.6,29.9,1,2,0,0,7,5,18,15,15,16,4,5,3,2,19,11,6,2
2020,2020-11-22,11:30,22,Neo Química Arena,Caio Max Augusto Vieira,0,49205,Corinthians,Grêmio,Vágner Mancini,Renato Gaúcho,14,5,29000000,50500000,29.5,27.8,0,0,0,0,4,12,12,14,12,10,3,2,3,1,7,15,3,7
2020,2020-11-23,11:00,22,Estádio Adelmar da Costa Carvalho,Edina Alves Batista,0,35000,Sport Recife,Atlético-GO,Jair Ventura,Marcelo Cabo,11,16,8250000,7600000,29.0,25.3,0,1,0,0,10,5,17,16,14,16,3,1,1,2,11,12,5,6
2020,2020-11-26,12:30,23,Estádio Governador Magalhães Pinto,Savio Pereira Sampaio,0,57000,Atlético-MG,Botafogo,Jorge Sampaoli,Emiliano Ramón Díaz,2,19,35500000,10330000,26.3,25.9,2,1,1,0,10,2,25,19,19,23,2,4,2,4,11,4,5,1
2020,2020-11-26,12:30,23,Estádio Major Antônio Couto Pereira,Leandro Pedro Vuaden,0,37182,Coritiba FC,Corinthians,Rodrigo Santana,Vágner Mancini,18,15,8650000,33000000,29.2,27.9,0,1,0,1,4,3,13,25,24,10,1,3,1,2,11,11,6,5
2020,2020-11-26,11:00,23,Estádio Governador Plácido Castelo,Felipe Fernandes,0,60326,Fortaleza,Goiás EC,Marcelo Chamusca,Glauber Ramos,11,20,8000000,6680000,30.2,26.3,1,1,0,1,2,0,17,19,18,15,0,7,3,0,15,6,6,3
2020,2020-11-28,08:00,23,Estádio Urbano Caldeira,Wilton Sampaio,0,20120,Santos FC,Sport Recife,Cuca,Jair Ventura,8,16,27150000,7250000,25.6,27.5,4,2,2,2,5,4,17,24,23,16,1,1,3,0,11,9,4,2
2020,2020-11-28,08:00,23,Allianz Parque,Anderson Daronco,0,43600,Palmeiras,Athletico-PR,Abel Ferreira,Paulo Autuori,7,9,49800000,12150000,25.5,25.1,3,0,2,0,10,1,16,15,15,16,1,5,4,2,22,4,11,3
2020,2020-11-28,10:00,23,Arena Fonte Nova,Leandro Pedro Vuaden,0,55000,EC Bahia,São Paulo,Mano Menezes,Fernando Diniz,10,1,9600000,28400000,27.5,27.4,1,3,0,0,5,9,12,15,14,12,5,5,1,1,15,17,4,4
2020,2020-11-29,12:00,23,Estádio Antonio Accioly,Ramon Abatti,0,13000,Atlético-GO,Internacional,Marcelo Cabo,Abel Braga,12,5,7850000,24250000,26.0,29.2,0,0,0,0,8,9,20,18,17,19,6,0,5,4,9,17,3,8
2020,2020-11-30,10:00,23,Estádio São Januário,Luiz Flávio de Oliveira,0,24584,Vasco da Gama,Ceará SC,Ricardo Sá Pinto,Guto Ferreira,17,14,11830000,6750000,25.8,27.6,1,4,0,2,9,3,14,18,16,11,2,3,1,3,12,11,7,4
2020,2020-11-30,11:00,23,Estádio Jornalista Mário Filho,Dyorgines Jose Padovani,0,82238,Fluminense,RB Bragantino,Odair Hellmann,Maurício Barbieri,6,13,16100000,24050000,26.5,25.6,0,0,0,0,5,5,15,21,21,15,4,1,4,0,7,11,3,3
2020,2021-01-29,12:00,23,Arena do Grêmio,Rodolpho Toski Marques,0,60540,Grêmio,Flamengo,Renato Gaúcho,Rogério Ceni,4,3,48900000,73550000,28.4,29.0,2,4,1,0,2,5,15,24,23,15,2,3,1,0,8,14,1,6
2020,2020-12-03,12:30,24,Estádio Governador Plácido Castelo,Braulio da Silva Machado,0,60326,Fortaleza,Corinthians,Marcelo Chamusca,Vágner Mancini,9,11,7900000,35900000,29.6,29.8,0,0,0,0,3,4,12,15,15,11,5,5,2,0,13,9,5,3
2020,2020-12-05,08:00,24,Estádio Olímpico Nilton Santos,Anderson Daronco,0,46931,Botafogo,Flamengo,Felipe Lucena,Rogério Ceni,19,3,12350000,70550000,27.1,29.2,0,1,0,0,5,7,16,26,24,16,1,3,0,0,13,14,4,4
2020,2020-12-05,09:00,24,Estádio Urbano Caldeira,Flavio Rodrigues de Souza,0,20120,Santos FC,Palmeiras,Cuca,Abel Ferreira,6,4,36550000,49600000,26.1,27.3,2,2,1,0,8,7,14,16,16,12,3,3,2,0,15,11,8,3
2020,2020-12-05,10:00,24,Estádio Jornalista Mário Filho,Ramon Abatti,0,82238,Fluminense,Athletico-PR,Odair Hellmann,Paulo Autuori,8,12,17550000,21000000,27.9,26.6,3,1,1,1,15,2,16,18,17,15,0,9,2,0,27,5,8,2
2020,2020-12-05,10:00,24,Arena Fonte Nova,Jean Pierre Goncalves Lima,0,55000,EC Bahia,Ceará SC,Mano Menezes,Guto Ferreira,13,10,8480000,7350000,26.8,28.3,0,2,0,0,6,4,12,17,17,10,3,2,1,1,9,11,5,4
2020,2020-12-06,12:00,24,Estádio Major Antônio Couto Pereira,Jefferson Ferreira Moraes,0,37182,Coritiba FC,RB Bragantino,Rodrigo Santana,Maurício Barbieri,18,15,8650000,16800000,30.6,26.5,0,0,0,0,3,12,17,26,26,14,5,3,2,0,9,23,3,13
2020,2020-12-06,07:00,24,Arena do Grêmio,Raphael Claus,0,60540,Grêmio,Vasco da Gama,Renato Gaúcho,Ricardo Sá Pinto,7,17,43000000,20130000,30.4,27.0,4,0,1,0,5,3,9,8,8,8,3,5,1,1,22,6,9,2
2020,2020-12-06,08:00,24,Estádio Cícero Pompeu de Toledo,Felipe Fernandes,0,67428,São Paulo,Sport Recife,Fernando Diniz,Jair Ventura,1,16,28100000,5500000,27.9,28.0,1,0,1,0,11,1,17,16,15,16,0,6,0,3,13,4,4,4
2020,2020-12-06,09:15,24,Estádio Governador Magalhães Pinto,Bruno Arleu de Araújo,0,57000,Atlético-MG,Internacional,Jorge Sampaoli,Abel Braga,2,5,31100000,25250000,27.8,28.4,2,2,1,1,3,4,18,14,12,17,1,1,4,5,9,10,6,4
2020,2020-12-07,11:00,24,Estádio Antonio Accioly,Marcelo de Lima Henrique,0,13000,Atlético-GO,Goiás EC,Marcelo Cabo,Glauber Ramos,14,20,7800000,6330000,24.9,27.1,0,1,0,1,15,1,17,21,21,16,1,3,4,2,12,10,4,7
2020,2020-12-12,08:00,25,Arena da Baixada,Vinicius Gonçalves Dias Araujo,0,42372,Athletico-PR,Atlético-MG,Paulo Autuori,Jorge Sampaoli,12,3,21300000,43600000,25.0,26.4,0,1,0,1,5,3,20,13,12,19,2,5,4,4,16,10,8,5
2020,2020-12-12,08:00,25,Estádio Nabi Abi Chedid,Héber Lopes,0,13212,RB Bragantino,Fortaleza,Maurício Barbieri,Marcelo Chamusca,14,10,20650000,7500000,25.6,30.7,2,1,1,1,2,5,17,18,16,15,4,5,0,2,14,13,6,6
2020,2020-12-12,10:00,25,Estádio Beira-Rio,Caio Max Augusto Vieira,0,56000,Internacional,Botafogo,Abel Braga,Eduardo Barroca,7,19,25000000,7130000,29.2,26.3,2,1,1,1,4,6,23,19,19,22,1,1,0,0,12,12,7,7
2020,2020-12-12,10:00,25,Allianz Parque,Rafael Traci,0,43600,Palmeiras,EC Bahia,Abel Ferreira,Mano Menezes,6,13,33200000,11030000,26.6,28.2,3,0,3,0,8,7,11,20,20,11,8,4,4,1,15,18,3,6
2020,2020-12-13,12:00,25,Estádio Governador Plácido Castelo,Leandro Pedro Vuaden,0,60326,Ceará SC,Atlético-GO,Guto Ferreira,Marcelo Cabo,9,15,6850000,7750000,28.2,24.7,1,2,0,0,2,8,13,15,14,11,4,2,3,2,8,12,4,1
2020,2020-12-13,01:00,25,Estádio Serra Dourada,Edina Alves Batista,0,12500,Goiás EC,Grêmio,Glauber Ramos,Renato Gaúcho,20,4,5880000,45050000,27.2,27.4,0,0,0,0,4,9,12,10,10,12,5,2,0,2,12,17,6,8
2020,2020-12-13,07:00,25,Estádio Jornalista Mário Filho,Paulo Roberto Alves Júnior,0,78838,Flamengo,Santos FC,Rogério Ceni,Cuca,2,8,71150000,9400000,27.9,23.8,4,1,1,0,6,4,12,11,11,11,2,0,3,2,12,6,8,3
2020,2020-12-13,09:15,25,Neo Química Arena,Raphael Claus,0,49205,Corinthians,São Paulo,Vágner Mancini,Fernando Diniz,11,1,29500000,28100000,29.0,27.9,1,0,1,0,4,5,12,8,8,10,6,4,0,1,14,17,7,4
2020,2020-12-13,09:15,25,Estádio Adelmar da Costa Carvalho,Marcelo de Lima Henrique,0,35000,Sport Recife,Coritiba FC,Jair Ventura,Rodrigo Santana,16,18,7900000,8300000,27.5,29.9,1,0,1,0,7,6,20,14,12,16,3,5,0,0,20,14,9,6
2020,2020-12-14,12:30,25,Estádio São Januário,Rodolpho Toski Marques,0,24584,Vasco da Gama,Fluminense,Ricardo Sá Pinto,Marcão,17,5,15130000,17000000,28.8,29.2,1,1,0,1,4,2,21,14,13,21,3,3,1,0,20,10,9,6
2020,2020-12-17,01:30,26,Estádio Antonio Accioly,Rodrigo D,0,13000,Atlético-GO,Fluminense,Marcelo Cabo,Marcão,12,7,7350000,19200000,26.1,28.5,2,1,1,0,11,6,18,18,17,16,1,3,0,0,11,5,3,1
2020,2020-12-17,01:30,26,Estádio Cícero Pompeu de Toledo,Wilton Sampaio,0,67428,São Paulo,Atlético-MG,Fernando Diniz,Jorge Sampaoli,1,3,29800000,28900000,28.0,26.1,3,0,1,0,5,3,9,10,10,8,6,4,3,3,17,14,7,3
2020,2020-12-19,11:00,26,Estádio Adelmar da Costa Carvalho,Jose Mendonça,0,35000,Sport Recife,Grêmio,Jair Ventura,Renato Gaúcho,15,6,7900000,51050000,27.5,28.0,1,1,1,0,3,7,21,9,9,19,0,1,2,2,9,13,5,5
2020,2020-12-20,12:30,26,Estádio Governador Plácido Castelo,Anderson Daronco,0,60326,Fortaleza,Ceará SC,Marcelo Chamusca,Guto Ferreira,13,10,8100000,7350000,29.5,28.3,0,2,0,0,5,1,18,17,17,16,3,0,0,0,10,6,6,1
2020,2020-12-20,01:00,26,Estádio Major Antônio Couto Pereira,Luiz Flávio de Oliveira,0,37182,Coritiba FC,Botafogo,Pachequinho,Eduardo Barroca,18,20,7500000,8630000,29.6,27.6,1,2,1,0,4,11,14,18,17,13,2,3,2,2,10,18,6,5
2020,2020-12-20,01:00,26,Estádio Beira-Rio,Savio Pereira Sampaio,0,56000,Internacional,Palmeiras,Abel Braga,Abel Ferreira,5,4,25700000,40300000,27.4,27.3,2,0,1,0,4,8,13,23,23,13,0,2,1,1,12,13,3,10
2020,2020-12-20,08:00,26,Estádio São Januário,Ricardo Marques Ribeiro,0,24584,Vasco da Gama,Santos FC,Ricardo Sá Pinto,Cuca,17,8,11400000,22550000,28.0,24.1,1,0,1,0,1,2,26,15,14,25,5,1,0,1,4,19,1,9
2020,2020-12-20,08:00,26,Estádio Nabi Abi Chedid,Braulio da Silva Machado,0,13212,RB Bragantino,Athletico-PR,Maurício Barbieri,Paulo Autuori,11,14,18700000,24900000,26.9,25.3,0,1,0,1,17,4,8,17,16,6,0,6,6,6,21,4,10,2
2020,2020-12-20,10:15,26,Estádio Jornalista Mário Filho,Flavio Rodrigues de Souza,0,78838,Flamengo,EC Bahia,Rogério Ceni,Mano Menezes,2,16,71150000,7600000,27.9,27.7,4,3,2,0,7,8,17,22,21,15,3,1,2,1,16,17,5,2
2020,2020-12-21,11:00,26,Neo Química Arena,Bruno Arleu de Araújo,0,49205,Corinthians,Goiás EC,Vágner Mancini,Glauber Ramos,9,19,28500000,5430000,29.6,25.7,2,1,1,1,12,4,11,15,14,11,6,4,5,2,19,17,10,6
2020,2020-12-26,09:00,27,Estádio Governador Magalhães Pinto,Dyorgines Jose Padovani,0,57000,Atlético-MG,Coritiba FC,Jorge Sampaoli,Pachequinho,3,19,42500000,8200000,27.5,28.7,2,0,0,0,13,3,15,13,12,15,3,7,0,2,25,7,7,4
2020,2020-12-26,11:00,27,Estádio Governador Plácido Castelo,Rafael Traci,0,60326,Fortaleza,Flamengo,Marcelo Chamusca,Rogério Ceni,14,2,7900000,66250000,29.0,26.7,0,0,0,0,4,4,22,14,13,21,2,4,1,0,11,13,6,6
2020,2020-12-26,11:00,27,Estádio Serra Dourada,Braulio da Silva Machado,0,12500,Goiás EC,Sport Recife,Glauber Ramos,Jair Ventura,20,15,6850000,7900000,27.6,27.6,1,0,1,0,4,5,20,17,19,21,4,3,0,4,10,15,6,5
2020,2020-12-27,12:30,27,Arena do Grêmio,Felipe Fernandes,0,60540,Grêmio,Atlético-GO,Renato Gaúcho,Marcelo Cabo,6,11,15350000,5850000,27.8,26.8,2,1,1,0,5,9,11,15,15,11,1,3,1,1,10,9,4,5
2020,2020-12-27,01:00,27,Estádio Jornalista Mário Filho,Anderson Daronco,0,82238,Fluminense,São Paulo,Marcão,Fernando Diniz,7,1,20350000,30100000,26.8,26.8,1,2,0,1,0,2,17,22,20,15,3,0,0,0,9,12,8,1
2020,2020-12-27,08:00,27,Estádio Olímpico Nilton Santos,Héber Lopes,0,46931,Botafogo,Corinthians,Eduardo Barroca,Vágner Mancini,18,9,8180000,28800000,27.1,30.2,0,2,0,1,2,7,19,20,19,19,4,1,2,2,11,13,9,4
2020,2020-12-27,08:00,27,Arena Fonte Nova,Paulo Roberto Alves Júnior,0,55000,EC Bahia,Internacional,Dado Cavalcanti,Abel Braga,17,4,8500000,23800000,27.7,27.7,1,2,0,1,6,7,18,12,12,17,8,2,0,2,14,15,9,2
2020,2020-12-27,10:15,27,Arena da Baixada,Jean Pierre Goncalves Lima,0,42372,Athletico-PR,Vasco da Gama,Paulo Autuori,Ricardo Sá Pinto,12,16,21500000,11350000,26.8,28.1,3,0,2,0,6,5,14,11,10,14,4,5,1,3,16,11,6,5
2020,2020-12-27,10:15,27,Allianz Parque,Raphael Claus,0,43600,Palmeiras,RB Bragantino,Abel Ferreira,Maurício Barbieri,5,13,64200000,20000000,25.4,25.2,1,0,1,0,5,8,10,6,5,9,2,0,1,1,6,21,5,10
2020,2020-12-27,10:15,27,Estádio Urbano Caldeira,Rodolpho Toski Marques,0,20120,Santos FC,Ceará SC,Cuca,Guto Ferreira,8,10,32650000,7850000,24.9,29.4,1,1,1,1,11,2,15,24,24,12,3,4,2,1,11,11,2,5
2020,2021-01-06,10:15,28,Estádio Olímpico Nilton Santos,Rodrigo D,0,46931,Botafogo,Athletico-PR,Eduardo Barroca,Paulo Autuori,19,11,9150000,21500000,28.0,26.9,0,2,0,1,3,3,14,21,18,13,2,8,4,1,24,8,10,4
2020,2021-01-06,10:15,28,Arena do Grêmio,Ramon Abatti,0,60540,Grêmio,EC Bahia,Renato Gaúcho,Dado Cavalcanti,6,17,55900000,6980000,27.2,27.5,2,1,1,0,3,10,11,17,15,11,4,0,0,1,11,17,4,8
2020,2021-01-06,11:30,28,Estádio Adelmar da Costa Carvalho,Flavio Rodrigues de Souza,0,35000,Sport Recife,Fortaleza,Jair Ventura,Marcelo Chamusca,15,14,7950000,7000000,28.0,30.6,1,0,1,0,4,8,14,12,11,13,1,0,0,1,6,17,2,9
2020,2021-01-06,11:30,28,Estádio Major Antônio Couto Pereira,Wagner do Nascimento Magalhães,0,37182,Coritiba FC,Goiás EC,Pachequinho,Glauber Ramos,20,18,8150000,7200000,28.9,26.6,1,2,0,2,6,4,13,17,17,11,3,1,2,2,16,11,11,2
2020,2021-01-07,12:30,28,Estádio Jornalista Mário Filho,Leandro Pedro Vuaden,0,78838,Flamengo,Fluminense,Rogério Ceni,Marcão,2,7,74650000,10050000,27.4,28.5,1,2,1,0,11,4,12,22,21,12,3,7,0,2,19,11,7,4
2020,2021-01-07,12:30,28,Estádio Nabi Abi Chedid,Luiz Flávio de Oliveira,0,13212,RB Bragantino,São Paulo,Maurício Barbieri,Fernando Diniz,13,1,15750000,31200000,27.1,26.7,4,2,4,1,4,5,17,4,4,15,3,6,0,3,23,8,11,2
2020,2021-01-07,10:00,28,Estádio Governador Plácido Castelo,Felipe Fernandes,0,60326,Ceará SC,Internacional,Guto Ferreira,Abel Braga,10,4,7700000,22900000,28.4,27.2,0,2,0,0,7,4,18,16,14,18,1,5,0,0,19,8,6,3
2020,2021-01-08,12:00,28,Estádio Antonio Accioly,Savio Pereira Sampaio,0,13000,Atlético-GO,Vasco da Gama,Marcelo Cabo,Vanderlei Luxemburgo,12,16,7100000,22000000,26.8,28.5,0,0,0,0,3,4,19,17,16,19,6,2,2,2,8,15,4,6
2020,2021-01-18,10:00,28,Allianz Parque,Jean Pierre Goncalves Lima,0,43600,Palmeiras,Corinthians,Abel Ferreira,Vágner Mancini,5,9,33900000,32200000,27.1,29.8,4,0,2,0,7,7,14,11,11,14,4,4,3,0,15,10,5,3
2020,2021-01-27,12:00,28,Estádio Governador Magalhães Pinto,Paulo Roberto Alves Júnior,0,57000,Atlético-MG,Santos FC,Jorge Sampaoli,Cuca,3,8,30300000,7300000,27.7,24.1,2,0,2,0,4,2,10,14,13,10,3,3,1,0,10,5,1,2
2020,2021-01-09,10:00,29,Estádio Adelmar da Costa Carvalho,Dyorgines Jose Padovani,0,35000,Sport Recife,Palmeiras,Jair Ventura,Abel Ferreira,14,5,7800000,45050000,28.5,26.6,0,1,0,1,7,6,15,21,20,13,3,5,2,2,11,12,4,6
2020,2021-01-09,10:00,29,Estádio Major Antônio Couto Pereira,Ricardo Marques Ribeiro,0,37182,Coritiba FC,Athletico-PR,Pachequinho,Paulo Autuori,20,10,7800000,23300000,28.0,27.2,0,0,0,0,3,2,11,10,9,10,1,2,0,0,13,3,8,1
2020,2021-01-10,12:00,29,Estádio Governador Plácido Castelo,Jefferson Ferreira Moraes,0,60326,Fortaleza,Grêmio,Enderson Moreira,Renato Gaúcho,15,6,7000000,42850000,30.6,29.1,0,0,0,0,4,5,17,12,11,16,2,5,3,1,14,11,4,4
2020,2021-01-10,07:00,29,Estádio Jornalista Mário Filho,Paulo Roberto Alves Júnior,0,78838,Flamengo,Ceará SC,Rogério Ceni,Guto Ferreira,3,11,69050000,7000000,28.7,28.7,0,2,0,1,6,1,10,12,11,9,2,5,3,0,21,8,12,1
2020,2021-01-10,07:00,29,Estádio Cícero Pompeu de Toledo,Braulio da Silva Machado,0,67428,São Paulo,Santos FC,Fernando Diniz,Cuca,1,8,29100000,7700000,27.6,24.1,0,1,0,0,8,3,19,21,21,18,1,5,0,0,26,7,14,1
2020,2021-01-10,09:15,29,Estádio Beira-Rio,Edina Alves Batista,0,56000,Internacional,Goiás EC,Abel Braga,Glauber Ramos,4,18,23700000,6850000,27.5,27.7,1,0,1,0,6,2,14,14,14,14,4,2,2,1,10,14,5,5
2020,2021-01-10,09:15,29,Estádio Antonio Accioly,Anderson Daronco,0,13000,Atlético-GO,EC Bahia,Marcelo Cabo,Dado Cavalcanti,12,17,6400000,6730000,26.3,26.0,1,1,1,0,6,6,20,18,15,20,3,4,3,1,13,16,5,4
2020,2021-01-10,11:30,29,Estádio São Januário,Raphael Claus,0,24584,Vasco da Gama,Botafogo,Vanderlei Luxemburgo,Eduardo Barroca,16,19,22100000,7500000,27.3,24.8,3,0,1,0,6,3,11,13,13,9,4,3,0,4,18,12,4,5
2020,2021-01-11,11:00,29,Estádio Nabi Abi Chedid,Caio Max Augusto Vieira,0,13212,RB Bragantino,Atlético-MG,Maurício Barbieri,Jorge Sampaoli,13,2,14500000,30300000,25.4,27.4,2,2,1,0,6,6,15,11,10,14,4,2,0,1,11,19,2,7
2020,2021-01-14,12:30,29,Neo Química Arena,Rafael Traci,0,49205,Corinthians,Fluminense,Vágner Mancini,Marcão,9,7,32200000,10050000,29.8,28.5,5,0,1,0,3,3,17,15,13,16,2,3,1,3,19,13,4,5
2020,2021-01-16,01:30,30,Allianz Parque,Bruno Arleu de Araújo,0,43600,Palmeiras,Grêmio,Abel Ferreira,Renato Gaúcho,5,6,25100000,55350000,27.9,28.2,1,1,1,0,3,7,22,10,8,21,6,5,2,0,16,12,8,3
2020,2021-01-16,11:00,30,Estádio Olímpico Nilton Santos,Héber Lopes,0,46000,Fluminense,Sport Recife,Marcão,Jair Ventura,7,15,10550000,6900000,26.9,27.4,1,0,0,0,5,4,23,18,17,23,0,1,2,1,11,10,8,7
2020,2021-01-17,01:00,30,Estádio São Januário,Flavio Rodrigues de Souza,0,24584,Vasco da Gama,Coritiba FC,Vanderlei Luxemburgo,Gustavo Morínigo,14,20,22000000,6450000,28.5,24.8,0,1,0,1,10,2,10,13,12,8,3,3,1,0,10,13,4,4
2020,2021-01-17,08:00,30,Estádio Urbano Caldeira,Leandro Pedro Vuaden,0,20120,Santos FC,Botafogo,Cuca,Eduardo Barroca,8,19,31600000,8250000,25.7,24.7,2,1,1,1,15,6,8,24,23,8,2,3,2,3,23,6,11,2
2020,2021-01-17,08:00,30,Arena da Baixada,Wilton Sampaio,0,42372,Athletico-PR,São Paulo,Paulo Autuori,Fernando Diniz,11,1,20600000,29800000,27.1,28.1,1,1,1,0,1,3,10,14,14,10,1,2,0,8,8,9,2,4
2020,2021-01-17,10:15,30,Estádio Governador Magalhães Pinto,Braulio da Silva Machado,0,57000,Atlético-MG,Atlético-GO,Jorge Sampaoli,Marcelo Cabo,2,12,29800000,6850000,27.8,26.1,3,1,2,0,10,9,13,14,13,13,2,3,0,2,22,13,10,5
2020,2021-01-18,12:30,30,Estádio Beira-Rio,Rodrigo D,0,56000,Internacional,Fortaleza,Abel Braga,Enderson Moreira,3,16,23700000,7700000,26.2,31.2,4,2,2,1,6,1,24,17,16,22,0,1,0,1,11,10,4,4
2020,2021-01-18,12:30,30,Estádio Governador Plácido Castelo,Marcelo de Lima Henrique,0,60326,Ceará SC,RB Bragantino,Guto Ferreira,Maurício Barbieri,10,13,7350000,19850000,28.4,26.4,1,2,0,0,6,9,13,16,15,12,5,2,1,0,12,15,7,4
2020,2021-01-19,12:00,30,Estádio Serra Dourada,Rodolpho Toski Marques,0,12500,Goiás EC,Flamengo,Glauber Ramos,Rogério Ceni,18,4,6850000,65050000,27.7,29.3,0,3,0,1,4,5,24,13,13,23,3,3,1,3,9,12,3,4
2020,2021-01-28,11:00,30,Arena Fonte Nova,Ricardo Marques Ribeiro,0,55000,EC Bahia,Corinthians,Dado Cavalcanti,Vágner Mancini,17,9,6900000,31500000,28.3,28.7,2,1,2,0,3,10,24,19,18,24,4,5,0,1,8,15,1,5
2020,2021-01-20,09:00,31,Estádio Olímpico Nilton Santos,Ramon Abatti,0,46931,Botafogo,Atlético-GO,Eduardo Barroca,Marcelo Cabo,20,13,8200000,8600000,23.7,25.2,1,3,0,0,3,6,18,14,14,17,2,4,1,1,17,14,7,4
2020,2021-01-20,10:00,31,Arena Fonte Nova,Luiz Flávio de Oliveira,0,55000,EC Bahia,Athletico-PR,Dado Cavalcanti,Paulo Autuori,16,10,5180000,20950000,25.9,26.7,1,0,0,0,9,4,15,14,13,15,1,3,3,2,11,12,6,7
2020,2021-01-20,11:15,31,Arena do Grêmio,Raphael Claus,0,60540,Grêmio,Atlético-MG,Renato Gaúcho,Jorge Sampaoli,6,2,37850000,30300000,28.7,27.7,1,1,0,1,3,1,11,7,7,8,3,2,1,2,8,10,3,4
2020,2021-01-21,12:30,31,Estádio Major Antônio Couto Pereira,Felipe Fernandes,0,37182,Coritiba FC,Fluminense,Gustavo Morínigo,Marcão,19,7,5850000,10800000,25.2,27.4,3,3,2,0,2,12,20,9,10,21,3,1,1,1,8,21,4,10
2020,2021-01-21,01:30,31,Estádio Cícero Pompeu de Toledo,Marcelo de Lima Henrique,0,67428,São Paulo,Internacional,Fernando Diniz,Abel Braga,1,3,27800000,23700000,28.2,26.2,1,5,1,2,7,2,15,19,18,14,2,4,0,2,11,19,4,8
2020,2021-01-21,01:30,31,Estádio Nabi Abi Chedid,Leandro Pedro Vuaden,0,13212,RB Bragantino,Vasco da Gama,Maurício Barbieri,Vanderlei Luxemburgo,12,14,22450000,20350000,25.9,27.9,4,1,1,0,3,3,12,17,16,12,3,5,1,0,20,8,8,3
2020,2021-01-21,11:00,31,Estádio Nacional de Brasília Mané Garrincha,Savio Pereira Sampaio,0,72000,Flamengo,Palmeiras,Rogério Ceni,Abel Ferreira,4,5,76650000,34600000,28.9,27.5,2,0,1,0,4,1,26,15,14,25,0,5,1,2,15,6,4,4
2020,2021-01-21,11:00,31,Estádio Governador Plácido Castelo,Ricardo Marques Ribeiro,0,60326,Fortaleza,Santos FC,Enderson Moreira,Cuca,17,8,8050000,11750000,30.5,24.1,2,0,0,0,7,5,20,14,13,18,3,1,4,1,10,12,4,8
2020,2021-01-21,11:00,31,Estádio Serra Dourada,Héber Lopes,0,12500,Goiás EC,Ceará SC,Glauber Ramos,Guto Ferreira,18,11,5830000,6700000,26.2,28.0,0,4,0,2,6,1,12,10,9,11,0,2,1,0,14,12,9,3
2020,2021-01-22,01:00,31,Neo Química Arena,Anderson Daronco,0,49205,Corinthians,Sport Recife,Vágner Mancini,Jair Ventura,9,15,27400000,7650000,28.9,29.0,3,0,1,0,6,5,9,7,5,9,4,9,2,3,20,10,6,4
2020,2021-01-23,11:00,32,Estádio Cícero Pompeu de Toledo,Rodrigo D,0,67428,São Paulo,Coritiba FC,Fernando Diniz,Gustavo Morínigo,4,18,29100000,5580000,28.6,26.7,1,1,0,0,7,2,19,16,16,15,2,5,1,0,18,10,11,5
2020,2021-01-24,01:00,32,Estádio São Januário,Vinicius Gonçalves Dias Araujo,0,24584,Vasco da Gama,Atlético-MG,Vanderlei Luxemburgo,Jorge Sampaoli,16,3,25150000,30100000,28.3,26.9,3,2,2,0,2,9,15,11,10,13,2,0,0,0,6,17,2,9
2020,2021-01-24,08:00,32,Estádio Beira-Rio,Luiz Flávio de Oliveira,0,56000,Internacional,Grêmio,Abel Braga,Renato Gaúcho,1,6,25700000,59000000,26.1,29.5,2,1,0,0,6,1,19,15,14,19,2,3,0,1,17,9,5,4
2020,2021-01-24,08:00,32,Arena da Baixada,Leandro Pedro Vuaden,0,42372,Athletico-PR,Flamengo,Paulo Autuori,Rogério Ceni,12,2,20600000,72850000,27.1,28.7,2,1,1,1,3,3,20,11,9,20,1,6,4,1,11,12,1,4
2020,2021-01-24,08:00,32,Estádio Governador Plácido Castelo,Braulio da Silva Machado,0,60326,Ceará SC,Palmeiras,Guto Ferreira,Abel Ferreira,10,5,7350000,52500000,28.4,26.3,2,1,2,1,2,7,9,16,15,9,3,1,3,6,9,12,5,5
2020,2021-01-24,10:15,32,Estádio Adelmar da Costa Carvalho,Raphael Claus,0,35000,Sport Recife,EC Bahia,Jair Ventura,Dado Cavalcanti,17,14,8200000,7250000,28.3,27.4,2,0,0,0,10,3,16,8,8,14,2,4,5,1,18,9,4,5
2020,2021-01-24,10:15,32,Estádio Antonio Accioly,Rafael Traci,0,13000,Atlético-GO,Fortaleza,Marcelo Cabo,Enderson Moreira,13,15,9050000,7200000,25.3,29.0,2,0,1,0,5,5,12,13,13,10,3,1,0,2,7,11,2,4
2020,2021-01-24,10:15,32,Estádio Urbano Caldeira,Wagner do Nascimento Magalhães,0,20120,Santos FC,Goiás EC,Cuca,Glauber Ramos,9,19,35550000,4830000,25.4,25.3,3,4,2,0,11,3,11,19,19,11,2,5,4,2,20,17,7,8
2020,2021-01-25,12:30,32,Estádio São Januário,Edina Alves Batista,0,24500,Fluminense,Botafogo,Marcão,Eduardo Barroca,7,20,11700000,8900000,26.0,25.7,2,0,0,0,2,1,20,20,19,19,0,3,0,1,12,5,5,3
2020,2021-01-26,12:00,32,Neo Química Arena,Bruno Arleu de Araújo,0,49205,Corinthians,RB Bragantino,Vágner Mancini,Maurício Barbieri,8,11,29300000,19150000,29.2,27.2,0,2,0,2,8,3,16,14,14,15,3,5,2,3,13,13,4,5
2020,2021-01-31,08:00,33,Estádio São Januário,Wilton Sampaio,0,24584,Vasco da Gama,EC Bahia,Vanderlei Luxemburgo,Dado Cavalcanti,14,16,25150000,9050000,28.3,27.7,0,0,0,0,6,6,15,16,15,13,2,5,0,1,8,9,3,5
2020,2021-01-31,08:00,33,Estádio Major Antônio Couto Pereira,Vinicius Gonçalves Dias Araujo,0,37182,Coritiba FC,Grêmio,Gustavo Morínigo,Renato Gaúcho,19,6,6480000,23250000,25.9,27.2,1,1,0,1,2,3,26,12,11,26,2,1,0,2,8,20,4,13
2020,2021-01-31,08:00,33,Estádio Antonio Accioly,Braulio da Silva Machado,0,13000,Atlético-GO,São Paulo,Marcelo Cabo,Fernando Diniz,13,3,9200000,28100000,25.6,28.0,2,1,1,1,8,5,13,9,8,13,2,1,1,1,11,13,4,7
2020,2021-01-31,09:00,33,Estádio Governador Magalhães Pinto,Leandro Pedro Vuaden,0,57000,Atlético-MG,Fortaleza,Jorge Sampaoli,Enderson Moreira,4,17,31100000,6730000,27.6,28.8,2,0,0,0,5,1,16,15,13,15,1,3,3,2,12,4,5,2
2020,2021-01-31,10:15,33,Estádio Beira-Rio,Savio Pereira Sampaio,0,56000,Internacional,RB Bragantino,Abel Braga,Maurício Barbieri,1,11,23700000,18600000,26.3,26.4,2,1,1,1,3,7,11,12,10,11,5,1,0,0,12,16,5,7
2020,2021-01-31,11:00,33,Estádio Governador Plácido Castelo,Rodrigo D,0,60326,Ceará SC,Athletico-PR,Guto Ferreira,Paulo Autuori,8,12,6700000,23400000,28.0,26.1,0,2,0,0,4,4,15,18,18,15,0,2,1,2,9,11,5,5
2020,2021-02-01,12:30,33,Estádio Olímpico Nilton Santos,Raphael Claus,0,46000,Fluminense,Goiás EC,Marcão,Glauber Ramos,7,18,12400000,5730000,28.4,27.1,3,0,3,0,7,2,9,15,14,8,0,3,1,0,17,12,10,9
2020,2021-02-02,12:00,33,Estádio Adelmar da Costa Carvalho,Rafael Traci,0,35000,Sport Recife,Flamengo,Jair Ventura,Rogério Ceni,15,2,7950000,75050000,26.7,30.2,0,3,0,2,2,6,15,20,19,13,6,2,0,1,8,21,3,8
2020,2021-02-02,07:00,33,Allianz Parque,Felipe Fernandes,0,43600,Palmeiras,Botafogo,Abel Ferreira,Eduardo Barroca,5,20,27950000,6130000,28.1,24.0,1,1,1,0,12,6,16,10,9,15,2,1,1,0,17,17,9,9
2020,2021-02-17,10:00,33,Estádio Urbano Caldeira,Vinicius Gonçalves Dias Araujo,0,20120,Santos FC,Corinthians,Cuca,Vágner Mancini,10,9,18550000,24300000,25.1,28.5,1,0,0,0,6,5,24,25,24,23,4,4,2,2,11,11,2,4
2020,2021-02-03,07:00,34,Arena do Grêmio,Wilton Sampaio,0,60540,Grêmio,Santos FC,Renato Gaúcho,Cuca,7,8,57100000,24250000,28.5,25.2,3,3,1,1,5,3,12,20,19,10,2,3,1,0,17,9,9,0
2020,2021-02-03,10:15,34,Estádio Nabi Abi Chedid,Paulo Roberto Alves Júnior,0,13212,RB Bragantino,Atlético-GO,Maurício Barbieri,Marcelo Cabo,13,12,21750000,9350000,26.6,25.8,2,0,0,0,8,3,15,7,6,15,1,8,2,1,20,8,5,7
2020,2021-02-04,12:30,34,Neo Química Arena,Héber Lopes,0,49205,Corinthians,Ceará SC,Vágner Mancini,Guto Ferreira,11,10,29100000,6750000,28.3,27.7,2,1,2,1,8,3,18,14,13,18,0,5,2,2,18,7,6,4
2020,2021-02-04,12:30,34,Arena Fonte Nova,Flavio Rodrigues de Souza,0,55000,EC Bahia,Fluminense,Dado Cavalcanti,Marcão,15,5,8000000,12600000,27.7,27.7,0,1,0,1,4,1,15,11,11,15,5,6,0,2,12,13,3,6
2020,2021-02-04,01:30,34,Estádio Serra Dourada,Bruno Arleu de Araújo,0,12500,Goiás EC,Atlético-MG,Glauber Ramos,Jorge Sampaoli,18,3,3850000,27900000,24.9,27.5,1,0,1,0,1,8,13,13,13,13,2,0,2,4,3,19,1,12
2020,2021-02-04,09:30,34,Estádio Governador Plácido Castelo,Anderson Daronco,0,60326,Fortaleza,Coritiba FC,Enderson Moreira,Gustavo Morínigo,17,19,7480000,7700000,29.8,30.5,3,1,2,1,4,4,18,15,14,17,1,5,0,3,16,5,6,3
2020,2021-02-05,12:00,34,Estádio Jornalista Mário Filho,Raphael Claus,0,78838,Flamengo,Vasco da Gama,Rogério Ceni,Vanderlei Luxemburgo,2,14,73550000,17850000,29.0,27.5,2,0,1,0,7,5,19,15,14,19,3,4,0,1,17,6,4,2
2020,2021-02-05,12:00,34,Arena da Baixada,Ricardo Marques Ribeiro,0,42372,Athletico-PR,Internacional,Paulo Autuori,Abel Braga,9,1,20300000,24200000,28.9,27.2,0,0,0,0,3,2,15,20,20,13,1,4,2,1,12,5,8,3
2020,2021-02-05,11:00,34,Estádio Olímpico Nilton Santos,Luiz Flávio de Oliveira,0,46931,Botafogo,Sport Recife,Eduardo Barroca,Jair Ventura,20,16,5880000,7950000,22.3,27.1,0,1,0,1,10,8,11,19,17,9,1,5,3,0,25,10,10,3
2020,2021-02-20,01:30,34,Estádio Cícero Pompeu de Toledo,Leandro Pedro Vuaden,0,67428,São Paulo,Palmeiras,Vizolli,Abel Ferreira,4,6,33000000,40850000,29.1,29.0,1,1,0,0,1,5,16,14,12,14,1,2,3,3,7,8,2,5
2020,2021-02-06,10:00,35,Arena Fonte Nova,Rafael Traci,0,55000,EC Bahia,Goiás EC,Dado Cavalcanti,Glauber Ramos,17,18,6750000,4830000,29.2,25.0,3,3,2,1,8,1,18,13,13,17,3,4,1,1,9,17,1,8
2020,2021-02-07,12:00,35,Estádio Antonio Accioly,Marcelo de Lima Henrique,0,13000,Atlético-GO,Santos FC,Marcelo Cabo,Cuca,13,8,7500000,30200000,25.0,25.2,1,1,1,0,0,10,18,13,13,16,2,2,1,4,8,18,5,11
2020,2021-02-07,11:30,35,Estádio Nabi Abi Chedid,Wilton Sampaio,0,13212,RB Bragantino,Flamengo,Maurício Barbieri,Rogério Ceni,10,2,19150000,71550000,27.2,27.6,1,1,0,1,5,4,19,17,15,18,6,4,1,4,12,16,7,4
2020,2021-02-08,11:00,35,Estádio Olímpico Nilton Santos,Rodrigo D,0,46931,Botafogo,Grêmio,Lúcio Flávio,Renato Gaúcho,20,7,4580000,47850000,21.6,28.9,2,5,0,2,5,2,14,18,18,14,2,4,1,1,18,13,10,3
2020,2021-02-10,10:00,35,Estádio Beira-Rio,Rodolpho Toski Marques,0,56000,Internacional,Sport Recife,Abel Braga,Jair Ventura,1,14,32300000,7850000,26.9,27.8,1,2,1,2,7,3,12,11,11,11,0,1,0,1,17,7,8,3
2020,2021-02-10,10:15,35,Estádio Governador Plácido Castelo,Braulio da Silva Machado,0,60326,Fortaleza,Vasco da Gama,Enderson Moreira,Vanderlei Luxemburgo,15,16,6750000,12800000,28.7,26.2,3,0,2,0,5,7,15,14,13,15,1,4,1,1,17,12,5,5
2020,2021-02-11,12:00,35,Estádio Cícero Pompeu de Toledo,Savio Pereira Sampaio,0,67428,São Paulo,Ceará SC,Vizolli,Guto Ferreira,4,12,35300000,7100000,29.4,28.0,1,1,0,0,6,4,10,17,16,10,1,8,2,2,16,8,5,4
2020,2021-02-11,12:30,35,Estádio Jornalista Mário Filho,Luiz Flávio de Oliveira,0,82238,Fluminense,Atlético-MG,Marcão,Jorge Sampaoli,5,3,11400000,36300000,28.9,27.2,0,0,0,0,6,6,8,13,11,6,1,3,3,1,10,8,4,4
2020,2021-02-11,12:30,35,Neo Química Arena,Jean Pierre Goncalves Lima,0,49205,Corinthians,Athletico-PR,Vágner Mancini,Paulo Autuori,9,11,24600000,25950000,28.3,26.6,3,3,2,2,3,2,19,12,11,17,3,6,0,0,18,12,6,3
2020,2021-02-17,11:30,35,Estádio Major Antônio Couto Pereira,Ramon Abatti,0,37182,Coritiba FC,Palmeiras,Gustavo Morínigo,Abel Ferreira,19,6,6450000,36230000,27.5,25.7,1,0,0,0,5,4,16,20,19,16,4,3,1,3,13,15,6,8
2020,2021-02-13,09:00,36,Estádio Serra Dourada,Felipe Fernandes,0,12500,Goiás EC,Botafogo,Glauber Ramos,Lúcio Flávio,18,20,6080000,8200000,26.1,21.5,2,0,1,0,2,5,22,26,23,21,3,5,2,2,11,11,3,6
2020,2021-02-13,11:00,36,Estádio Urbano Caldeira,Bruno Arleu de Araújo,0,20120,Santos FC,Coritiba FC,Cuca,Gustavo Morínigo,8,19,35300000,5000000,25.7,26.1,2,0,1,0,7,3,15,16,14,15,3,4,3,1,17,8,8,4
2020,2021-02-13,11:00,36,Estádio Governador Magalhães Pinto,Raphael Claus,0,57000,Atlético-MG,EC Bahia,Jorge Sampaoli,Dado Cavalcanti,3,16,34200000,6750000,26.9,27.9,1,1,1,0,6,2,10,9,9,10,4,3,1,1,21,13,6,4
2020,2021-02-14,08:00,36,Estádio Jornalista Mário Filho,Rafael Traci,0,78838,Flamengo,Corinthians,Rogério Ceni,Vágner Mancini,2,9,81250000,22400000,29.0,27.6,2,1,1,1,4,3,21,16,16,20,2,3,4,1,14,11,8,1
2020,2021-02-14,08:00,36,Estádio São Januário,Flavio Rodrigues de Souza,0,24584,Vasco da Gama,Internacional,Vanderlei Luxemburgo,Abel Braga,17,1,24750000,28800000,28.3,25.5,0,2,0,1,3,9,9,20,20,9,5,0,2,0,8,16,5,5
2020,2021-02-14,10:15,36,Allianz Parque,Ricardo Marques Ribeiro,0,43600,Palmeiras,Fortaleza,Abel Ferreira,Enderson Moreira,7,15,43550000,7430000,25.5,28.1,3,0,3,0,3,4,16,11,10,15,1,3,4,0,13,5,4,2
2020,2021-02-14,10:15,36,Arena da Baixada,Wagner do Nascimento Magalhães,0,42372,Athletico-PR,Atlético-GO,Paulo Autuori,Marcelo Cabo,11,13,25400000,9750000,27.1,26.3,2,1,0,0,7,4,14,9,9,14,3,1,4,3,8,11,5,6
2020,2021-02-15,12:30,36,Arena do Grêmio,Paulo Roberto Alves Júnior,0,60540,Grêmio,São Paulo,Renato Gaúcho,Vizolli,6,4,49000000,28300000,29.4,28.4,1,2,1,0,5,2,19,18,18,18,2,2,0,0,5,11,1,6
2020,2021-02-15,10:00,36,Estádio Governador Plácido Castelo,Wilton Sampaio,0,60326,Ceará SC,Fluminense,Guto Ferreira,Marcão,12,5,7050000,13650000,28.7,26.1,1,3,0,1,9,0,18,8,8,17,1,4,0,0,13,9,6,3
2020,2021-02-16,12:00,36,Estádio Adelmar da Costa Carvalho,Leandro Pedro Vuaden,0,35000,Sport Recife,RB Bragantino,Jair Ventura,Maurício Barbieri,14,10,6900000,26350000,27.7,25.6,0,0,0,0,1,15,8,10,10,8,6,1,0,1,4,22,3,10
2020,2021-02-20,10:30,37,Estádio Major Antônio Couto Pereira,Marcelo de Lima Henrique,0,37182,Coritiba FC,Ceará SC,Gustavo Morínigo,Guto Ferreira,19,12,6080000,7250000,26.4,27.1,0,2,0,0,7,5,14,9,9,12,2,5,2,1,16,11,8,5
2020,2021-02-21,01:00,37,Estádio Governador Plácido Castelo,Luiz Flávio de Oliveira,0,60326,Fortaleza,EC Bahia,Enderson Moreira,Dado Cavalcanti,15,16,7680000,8150000,29.3,29.3,0,4,0,1,2,0,15,13,12,13,3,3,0,1,11,12,5,5
2020,2021-02-21,08:00,37,Estádio Adelmar da Costa Carvalho,Rodolpho Toski Marques,0,35000,Sport Recife,Atlético-MG,Jair Ventura,Jorge Sampaoli,14,4,6930000,34150000,27.4,27.0,2,3,1,1,2,4,16,13,13,14,8,1,0,0,9,25,3,12
2020,2021-02-21,08:00,37,Estádio Jornalista Mário Filho,Raphael Claus,0,78838,Flamengo,Internacional,Rogério Ceni,Abel Braga,2,1,79050000,29500000,29.0,25.4,2,1,1,1,1,4,21,15,13,20,2,2,3,0,10,12,3,4
2020,2021-02-21,08:00,37,Neo Química Arena,Anderson Daronco,0,49205,Corinthians,Vasco da Gama,Vágner Mancini,Vanderlei Luxemburgo,10,17,25400000,23150000,28.6,27.9,0,0,0,0,7,4,23,18,14,22,0,4,1,6,14,8,3,6
2020,2021-02-21,10:15,37,Estádio Urbano Caldeira,Savio Pereira Sampaio,0,20120,Santos FC,Fluminense,Cuca,Marcão,8,5,18300000,13900000,25.4,27.8,1,1,0,1,4,4,20,19,17,19,2,1,1,1,8,7,5,3
2020,2021-02-21,10:15,37,Arena do Grêmio,Ricardo Marques Ribeiro,0,60540,Grêmio,Athletico-PR,Renato Gaúcho,Paulo Autuori,7,9,31250000,27100000,29.5,28.1,1,0,0,0,2,2,19,17,17,19,3,1,1,4,11,8,7,5
2020,2021-02-22,12:30,37,Estádio Serra Dourada,Jean Pierre Goncalves Lima,0,12500,Goiás EC,RB Bragantino,Glauber Ramos,Maurício Barbieri,18,11,5830000,28400000,26.6,26.1,0,0,0,0,3,11,18,20,20,18,5,1,1,1,14,14,8,4
2020,2021-02-22,10:00,37,Allianz Parque,Caio Max Augusto Vieira,0,43600,Palmeiras,Atlético-GO,Abel Ferreira,Marcelo Cabo,6,13,40850000,7650000,28.8,25.4,1,1,1,1,9,6,20,13,13,20,2,3,0,1,19,9,11,5
2020,2021-02-23,12:00,37,Estádio Olímpico Nilton Santos,Braulio da Silva Machado,0,46931,Botafogo,São Paulo,Lúcio Flávio,Vizolli,20,3,3980000,39200000,22.1,27.3,1,0,0,0,4,3,12,15,15,12,1,7,2,0,19,7,3,5
2020,2021-02-25,11:30,38,Estádio Cícero Pompeu de Toledo,Rodolpho Toski Marques,0,67428,São Paulo,Flamengo,Vizolli,Rogério Ceni,4,1,28300000,79050000,27.2,29.0,2,1,1,0,1,7,27,24,23,27,0,0,0,2,4,19,1,13
2020,2021-02-26,01:30,38,Estádio Jornalista Mário Filho,Anderson Daronco,0,82238,Fluminense,Fortaleza,Marcão,Enderson Moreira,5,16,11450000,6700000,28.4,30.8,2,0,1,0,3,5,10,12,12,9,2,1,0,1,9,9,2,7
2020,2021-02-26,01:30,38,Estádio São Januário,Leandro Pedro Vuaden,0,24584,Vasco da Gama,Goiás EC,Vanderlei Luxemburgo,Glauber Ramos,17,18,23150000,5850000,27.9,26.2,3,2,1,2,9,6,12,18,17,12,3,9,2,2,27,20,6,7
2020,2021-02-26,01:30,38,Estádio Nabi Abi Chedid,Ramon Abatti,0,13212,RB Bragantino,Grêmio,Maurício Barbieri,Renato Gaúcho,11,6,27100000,11100000,27.3,27.1,1,0,0,0,3,7,24,12,12,24,2,5,1,0,19,15,7,12
2020,2021-02-26,01:30,38,Estádio Governador Magalhães Pinto,Héber Lopes,0,57000,Atlético-MG,Palmeiras,Jorge Sampaoli,Abel Ferreira,3,7,43000000,18330000,26.1,23.8,2,0,0,0,5,4,22,17,17,21,4,6,5,1,19,9,7,4
2020,2021-02-26,01:30,38,Estádio Beira-Rio,Wilton Sampaio,0,56000,Internacional,Corinthians,Abel Braga,Vágner Mancini,2,10,34200000,24400000,25.5,29.2,0,0,0,0,12,5,13,16,13,12,1,5,6,1,16,6,6,2
2020,2021-02-26,01:30,38,Arena Fonte Nova,Paulo Roberto Alves Júnior,0,55000,EC Bahia,Santos FC,Dado Cavalcanti,Marcelo Fernandes,15,8,8150000,10650000,29.3,22.4,2,0,1,0,4,4,11,13,13,11,5,3,2,1,16,15,8,6
2020,2021-02-26,01:30,38,Arena da Baixada,Flavio Rodrigues de Souza,0,42372,Athletico-PR,Sport Recife,Paulo Autuori,Jair Ventura,9,14,26050000,7850000,27.2,27.8,2,0,1,0,8,5,15,10,9,15,4,6,2,2,18,15,8,6
2020,2021-02-26,01:30,38,Estádio Governador Plácido Castelo,Raphael Claus,0,60326,Ceará SC,Botafogo,Guto Ferreira,Lúcio Flávio,12,20,6450000,3430000,25.6,22.0,2,1,1,0,5,7,7,4,4,5,2,4,0,2,12,17,5,8
2020,2021-02-26,01:30,38,Estádio Antonio Accioly,Edina Alves Batista,0,13000,Atlético-GO,Coritiba FC,Marcelo Cabo,Gustavo Morínigo,13,19,5730000,2930000,26.6,24.5,3,1,3,0,7,4,8,9,9,8,0,4,1,1,18,9,8,8